case_id,stain,slice_idx,patch_idx,patch_attn_weight,slice_attn_weight,stain_attn_weight,effective_weight,true_label,pred_label
7,melan,0,19,0.004535209387540817,1.0,0.9866355061531067,0.004474598609586655,1,1
7,melan,0,3,0.0049746073782444,1.0,0.9866355061531067,0.004908124268547143,1,1
7,melan,0,70,0.005791837349534035,1.0,0.9866355061531067,0.00571443237491398,1,1
7,melan,0,30,0.006060843821614981,1.0,0.9866355061531067,0.005979843711654026,1,1
7,melan,0,68,0.006136174313724041,1.0,0.9866355061531067,0.006054167449864811,1,1
7,melan,0,29,0.007351025473326445,1.0,0.9866355061531067,0.007252782738619817,1,1
7,melan,0,58,0.009917836636304855,1.0,0.9866355061531067,0.009785289769604466,1,1
7,melan,0,51,0.012653745710849762,1.0,0.9866355061531067,0.012484634804156958,1,1
7,melan,0,72,0.013332188129425049,1.0,0.9866355061531067,0.013154010183203724,1,1
7,melan,0,57,0.014216721057891846,1.0,0.9866355061531067,0.014026721776790652,1,1
7,melan,0,62,0.018489206209778786,1.0,0.9866355061531067,0.018242107327154256,1,1
7,melan,0,14,0.02571437507867813,1.0,0.9866355061531067,0.02537071547116243,1,1
7,melan,0,55,0.027296969667077065,1.0,0.9866355061531067,0.02693215948392258,1,1
7,melan,0,61,0.028233647346496582,1.0,0.9866355061531067,0.027856318940258973,1,1
7,melan,0,32,0.02911648526787758,1.0,0.9866355061531067,0.02872735817967187,1,1
7,melan,0,24,0.03331698477268219,1.0,0.9866355061531067,0.03287172013469064,1,1
7,melan,0,67,0.035212092101573944,1.0,0.9866355061531067,0.03474150031334622,1,1
7,melan,0,60,0.03546936437487602,1.0,0.9866355061531067,0.034995334272934775,1,1
7,melan,0,59,0.04467012360692024,1.0,0.9866355061531067,0.04407313001483559,1,1
7,melan,0,64,0.047191321849823,1.0,0.9866355061531067,0.04656063371933428,1,1
7,melan,0,63,0.05690823867917061,1.0,0.9866355061531067,0.0561476888735053,1,1
7,melan,0,22,0.07781460881233215,1.0,0.9866355061531067,0.07677465595166133,1,1
7,melan,0,21,0.10947567969560623,1.0,0.9866355061531067,0.10801259264792984,1,1
7,melan,0,69,0.11794250458478928,1.0,0.9866355061531067,0.11636626270797867,1,1
7,melan,0,78,0.14043422043323517,1.0,0.9866355061531067,0.13855738815836194,1,1
15,melan,1,15,0.0392756387591362,0.08957009762525558,0.7198896408081055,0.002532516179406944,1,1
15,melan,2,79,0.007476953789591789,0.48197099566459656,0.7198896408081055,0.002594248202359891,1,1
15,melan,3,72,0.02478301152586937,0.14552737772464752,0.7198896408081055,0.0025963587870266,1,1
15,sox10,2,26,0.03087838739156723,0.3116157352924347,0.27141284942626953,0.0026115863833374975,1,1
15,sox10,3,53,0.03714600205421448,0.2644634544849396,0.27141284942626953,0.0026662947000748996,1,1
15,sox10,2,45,0.03165628761053085,0.3116157352924347,0.27141284942626953,0.00267737847259652,1,1
15,melan,3,178,0.025817658752202988,0.14552737772464752,0.7198896408081055,0.0027047522086557645,1,1
15,melan,0,28,0.013301758095622063,0.28293150663375854,0.7198896408081055,0.0027092949150636374,1,1
15,sox10,3,86,0.03785466402769089,0.2644634544849396,0.27141284942626953,0.002717161591786881,1,1
15,melan,2,74,0.007863744162023067,0.48197099566459656,0.7198896408081055,0.002728451282465424,1,1
15,melan,3,156,0.02637748047709465,0.14552737772464752,0.7198896408081055,0.0027634011768440593,1,1
15,sox10,2,2,0.03291941434144974,0.3116157352924347,0.27141284942626953,0.002784209329048507,1,1
15,melan,2,43,0.008066065609455109,0.48197099566459656,0.7198896408081055,0.0027986499310153276,1,1
15,melan,3,100,0.026807645335793495,0.14552737772464752,0.7198896408081055,0.002808466818264876,1,1
15,sox10,2,37,0.03334560617804527,0.3116157352924347,0.27141284942626953,0.002820255149156537,1,1
15,melan,3,181,0.0270168948918581,0.14552737772464752,0.7198896408081055,0.0028303885658701924,1,1
15,sox10,2,70,0.03387149050831795,0.3116157352924347,0.27141284942626953,0.0028647326129157273,1,1
15,melan,2,12,0.008346579037606716,0.48197099566459656,0.7198896408081055,0.0028959785326355667,1,1
15,sox10,3,12,0.04034970700740814,0.2644634544849396,0.27141284942626953,0.002896252732296965,1,1
15,sox10,3,35,0.04045575112104416,0.2644634544849396,0.27141284942626953,0.0029038644493735214,1,1
15,melan,3,179,0.027815431356430054,0.14552737772464752,0.7198896408081055,0.002914046161896744,1,1
15,melan,1,80,0.04532371088862419,0.08957009762525558,0.7198896408081055,0.0029224994108976244,1,1
15,sox10,3,129,0.040926095098257065,0.2644634544849396,0.27141284942626953,0.0029376251661210355,1,1
15,melan,2,23,0.008527715690433979,0.48197099566459656,0.7198896408081055,0.002958826779288201,1,1
15,sox10,0,92,0.03211423009634018,0.3414040207862854,0.27141284942626953,0.0029757507437898336,1,1
15,sox10,3,49,0.04151157662272453,0.2644634544849396,0.27141284942626953,0.0029796503155139907,1,1
15,sox10,0,100,0.03270000219345093,0.3414040207862854,0.27141284942626953,0.0030300292286994652,1,1
15,melan,3,101,0.029976097866892815,0.14552737772464752,0.7198896408081055,0.003140405475591059,1,1
15,sox10,2,97,0.03775803744792938,0.3116157352924347,0.27141284942626953,0.0031934432070597463,1,1
15,melan,3,97,0.030543340370059013,0.14552737772464752,0.7198896408081055,0.0031998318716096865,1,1
15,melan,2,54,0.00939710158854723,0.48197099566459656,0.7198896408081055,0.003260474063303377,1,1
15,melan,3,94,0.03241385892033577,0.14552737772464752,0.7198896408081055,0.0033957942254680094,1,1
15,sox10,3,51,0.0484275184571743,0.2644634544849396,0.27141284942626953,0.0034760681812188022,1,1
15,melan,2,97,0.010246066376566887,0.48197099566459656,0.7198896408081055,0.0035550359179256034,1,1
15,melan,2,62,0.010275748558342457,0.48197099566459656,0.7198896408081055,0.0035653346236392304,1,1
15,sox10,2,99,0.042737726122140884,0.3116157352924347,0.27141284942626953,0.0036146079191257106,1,1
15,sox10,2,98,0.04283425956964493,0.3116157352924347,0.27141284942626953,0.0036227723816619583,1,1
15,sox10,0,119,0.039148472249507904,0.3414040207862854,0.27141284942626953,0.0036275537375558943,1,1
15,melan,0,218,0.017843259498476982,0.28293150663375854,0.7198896408081055,0.0036343054714921778,1,1
15,melan,2,26,0.010570842772722244,0.48197099566459656,0.7198896408081055,0.003667722261268774,1,1
15,melan,3,81,0.03505789116024971,0.14552737772464752,0.7198896408081055,0.0036727926980756023,1,1
15,sox10,0,121,0.040063075721263885,0.3414040207862854,0.27141284942626953,0.0037123022105283415,1,1
15,melan,2,41,0.010762934572994709,0.48197099566459656,0.7198896408081055,0.0037343715708095947,1,1
15,sox10,3,6,0.05217856541275978,0.2644634544849396,0.27141284942626953,0.0037453137544789512,1,1
15,melan,0,208,0.018654799088835716,0.28293150663375854,0.7198896408081055,0.003799599417580056,1,1
15,melan,3,153,0.03645296394824982,0.14552737772464752,0.7198896408081055,0.003818945617703021,1,1
15,sox10,0,123,0.04158899933099747,0.3414040207862854,0.27141284942626953,0.0038536964866174527,1,1
15,melan,3,154,0.03744378685951233,0.14552737772464752,0.7198896408081055,0.003922747844053051,1,1
15,melan,2,109,0.011397692374885082,0.48197099566459656,0.7198896408081055,0.0039546108999305414,1,1
15,sox10,3,48,0.05701323598623276,0.2644634544849396,0.27141284942626953,0.00409234050874029,1,1
15,melan,0,20,0.02021205425262451,0.28293150663375854,0.7198896408081055,0.004116780309487733,1,1
15,melan,0,190,0.020389653742313385,0.28293150663375854,0.7198896408081055,0.004152953677765294,1,1
15,melan,0,194,0.02052043192088604,0.28293150663375854,0.7198896408081055,0.0041795905066461915,1,1
15,melan,0,195,0.020593203604221344,0.28293150663375854,0.7198896408081055,0.004194412603860984,1,1
15,melan,0,193,0.020924512296915054,0.28293150663375854,0.7198896408081055,0.004261893379708718,1,1
15,melan,0,201,0.021314820274710655,0.28293150663375854,0.7198896408081055,0.0043413910981267385,1,1
15,sox10,2,5,0.054060351103544235,0.3116157352924347,0.27141284942626953,0.004572236076648776,1,1
15,sox10,0,118,0.04990097135305405,0.3414040207862854,0.27141284942626953,0.004623895767521713,1,1
15,melan,0,189,0.023082030937075615,0.28293150663375854,0.7198896408081055,0.004701335612752023,1,1
15,sox10,2,63,0.05599468573927879,0.3116157352924347,0.27141284942626953,0.004735835358290086,1,1
15,melan,1,47,0.07433957606554031,0.08957009762525558,0.7198896408081055,0.004793459383583928,1,1
15,melan,1,36,0.07439851760864258,0.08957009762525558,0.7198896408081055,0.00479725996878793,1,1
15,melan,0,25,0.02384009212255478,0.28293150663375854,0.7198896408081055,0.004855737106175796,1,1
15,melan,0,2,0.023982545360922813,0.28293150663375854,0.7198896408081055,0.004884751904939268,1,1
15,sox10,3,71,0.06809862703084946,0.2644634544849396,0.27141284942626953,0.004888036350984121,1,1
15,sox10,0,80,0.05329952761530876,0.3414040207862854,0.27141284942626953,0.004938810878202464,1,1
15,sox10,0,128,0.05495712161064148,0.3414040207862854,0.27141284942626953,0.005092405921574686,1,1
15,melan,0,191,0.02822122536599636,0.28293150663375854,0.7198896408081055,0.005748083962384162,1,1
15,melan,2,46,0.016642486676573753,0.48197099566459656,0.7198896408081055,0.0057743758164723194,1,1
15,melan,2,101,0.01727747730910778,0.48197099566459656,0.7198896408081055,0.005994695929893364,1,1
15,sox10,0,129,0.06846043467521667,0.3414040207862854,0.27141284942626953,0.006343642329079779,1,1
15,melan,2,44,0.01859431527554989,0.48197099566459656,0.7198896408081055,0.006451593835561469,1,1
15,melan,2,73,0.018673205748200417,0.48197099566459656,0.7198896408081055,0.006478966141532098,1,1
15,melan,0,202,0.03233061730861664,0.28293150663375854,0.7198896408081055,0.006585082696995712,1,1
15,melan,0,185,0.03289620578289032,0.28293150663375854,0.7198896408081055,0.00670028145240479,1,1
15,sox10,0,96,0.0726141408085823,0.3414040207862854,0.27141284942626953,0.006728530712789024,1,1
15,sox10,0,120,0.07310710102319717,0.3414040207862854,0.27141284942626953,0.006774209115195008,1,1
15,sox10,0,9,0.07356267422437668,0.3414040207862854,0.27141284942626953,0.0068164231831702865,1,1
15,melan,0,192,0.03428667411208153,0.28293150663375854,0.7198896408081055,0.0069834912917924605,1,1
15,melan,1,120,0.10875643789768219,0.08957009762525558,0.7198896408081055,0.007012678782378236,1,1
15,melan,0,21,0.037588052451610565,0.28293150663375854,0.7198896408081055,0.007655914251501153,1,1
15,melan,0,1,0.03776539862155914,0.28293150663375854,0.7198896408081055,0.00769203602375063,1,1
15,melan,2,39,0.02242913469672203,0.48197099566459656,0.7198896408081055,0.007782145510710149,1,1
15,melan,0,199,0.039552051573991776,0.28293150663375854,0.7198896408081055,0.008055940533531357,1,1
15,melan,1,0,0.1253947615623474,0.08957009762525558,0.7198896408081055,0.008085527632460204,1,1
15,melan,2,49,0.023695778101682663,0.48197099566459656,0.7198896408081055,0.00822162761382604,1,1
15,melan,0,154,0.04059138149023056,0.28293150663375854,0.7198896408081055,0.008267630690343487,1,1
15,melan,0,198,0.041136082261800766,0.28293150663375854,0.7198896408081055,0.008378575049730996,1,1
15,melan,0,22,0.041786011308431625,0.28293150663375854,0.7198896408081055,0.008510952247431553,1,1
15,melan,1,1,0.1354355663061142,0.08957009762525558,0.7198896408081055,0.008732964600291574,1,1
15,melan,0,180,0.04570717364549637,0.28293150663375854,0.7198896408081055,0.009309612477498813,1,1
15,melan,2,118,0.02735515497624874,0.48197099566459656,0.7198896408081055,0.00949130670316527,1,1
15,melan,2,40,0.028859581798315048,0.48197099566459656,0.7198896408081055,0.010013291550010312,1,1
15,melan,2,42,0.0300663523375988,0.48197099566459656,0.7198896408081055,0.010431999808787536,1,1
15,melan,2,69,0.031223850324749947,0.48197099566459656,0.7198896408081055,0.010833612170840933,1,1
15,melan,2,64,0.03588994964957237,0.48197099566459656,0.7198896408081055,0.012452589648313635,1,1
15,melan,2,116,0.036500681191682816,0.48197099566459656,0.7198896408081055,0.012664492683938922,1,1
15,melan,2,117,0.039681315422058105,0.48197099566459656,0.7198896408081055,0.013768064387966523,1,1
15,melan,2,102,0.04064140468835831,0.48197099566459656,0.7198896408081055,0.014101182650202073,1,1
15,melan,2,113,0.04208911210298538,0.48197099566459656,0.7198896408081055,0.014603487795268967,1,1
15,melan,0,200,0.07355216890573502,0.28293150663375854,0.7198896408081055,0.014981066094849208,1,1
15,melan,2,100,0.04574817419052124,0.48197099566459656,0.7198896408081055,0.015873057664234465,1,1
15,melan,2,38,0.06357398629188538,0.48197099566459656,0.7198896408081055,0.022058007083601394,1,1
15,melan,2,72,0.06751834601163864,0.48197099566459656,0.7198896408081055,0.023426565509985533,1,1
15,melan,2,47,0.08125753700733185,0.48197099566459656,0.7198896408081055,0.028193596649334365,1,1
15,melan,2,114,0.08218974620103836,0.48197099566459656,0.7198896408081055,0.02851704147633904,1,1
22,sox10,0,60,0.011500767432153225,1.0,0.7433208227157593,0.008548759909530745,0,0
22,sox10,0,44,0.012359444051980972,1.0,0.7433208227157593,0.009187032121027894,0,0
22,sox10,0,100,0.012892737053334713,1.0,0.7433208227157593,0.009583439913542713,0,0
22,sox10,0,61,0.012938027270138264,1.0,0.7433208227157593,0.009617105074758103,0,0
22,melan,0,71,0.05046328902244568,1.0,0.19794005155563354,0.009988706030769734,0,0
22,sox10,0,51,0.013440870679914951,1.0,0.7433208227157593,0.009990879051810508,0,0
22,sox10,0,68,0.014281881973147392,1.0,0.7433208227157593,0.010616020258209291,0,0
22,sox10,0,4,0.01619095355272293,1.0,0.7433208227157593,0.012035072915362655,0,0
22,sox10,0,55,0.01673279143869877,1.0,0.7433208227157593,0.012437832298544782,0,0
22,sox10,0,45,0.0180622860789299,1.0,0.7433208227157593,0.01342607334831758,0,0
22,sox10,0,88,0.01862422190606594,1.0,0.7433208227157593,0.013843771949657802,0,0
22,sox10,0,64,0.019024502485990524,1.0,0.7433208227157593,0.014141308839644484,0,0
22,sox10,0,43,0.01904579997062683,1.0,0.7433208227157593,0.01415713970344612,0,0
22,sox10,0,42,0.02004752866923809,1.0,0.7433208227157593,0.014901745503835828,0,0
22,sox10,0,78,0.02135796844959259,1.0,0.7433208227157593,0.015875822679488394,0,0
22,sox10,0,52,0.021658368408679962,1.0,0.7433208227157593,0.016099116224221,0,0
22,sox10,0,54,0.02199430949985981,1.0,0.7433208227157593,0.016348828232500834,0,0
22,sox10,0,101,0.023512504994869232,1.0,0.7433208227157593,0.017477334556894597,0,0
22,sox10,0,77,0.02456715703010559,1.0,0.7433208227157593,0.018261279375405337,0,0
22,sox10,0,63,0.025406161323189735,1.0,0.7433208227157593,0.018884928736802697,0,0
22,melan,0,14,0.09560289978981018,1.0,0.19794005155563354,0.018923642913263095,0,0
22,sox10,0,56,0.027346529066562653,1.0,0.7433208227157593,0.020327244484177776,0,0
22,melan,0,4,0.1069563552737236,1.0,0.19794005155563354,0.021170946477083508,0,0
22,sox10,0,67,0.028761662542819977,1.0,0.7433208227157593,0.021379142664001982,0,0
22,sox10,0,66,0.030605243518948555,1.0,0.7433208227157593,0.022749514791921,0,0
22,sox10,0,62,0.030841702595353127,1.0,0.7433208227157593,0.022925279747132654,0,0
22,sox10,0,98,0.03117913007736206,1.0,0.7433208227157593,0.023176096620666442,0,0
22,melan,0,3,0.1238645613193512,1.0,0.19794005155563354,0.02451775765346831,0,0
22,sox10,0,89,0.034772180020809174,1.0,0.7433208227157593,0.025846885460688362,0,0
22,sox10,0,80,0.03661230579018593,1.0,0.7433208227157593,0.02721468926148196,0,0
22,sox10,0,82,0.036704957485198975,1.0,0.7433208227157593,0.02728355919564507,0,0
22,sox10,0,83,0.03942122682929039,1.0,0.7433208227157593,0.029302618759212695,0,0
22,sox10,0,79,0.04461890459060669,1.0,0.7433208227157593,0.03316616086896573,0,0
22,sox10,0,91,0.0464891754090786,1.0,0.7433208227157593,0.03455637211245355,0,0
22,sox10,0,94,0.05135476961731911,1.0,0.7433208227157593,0.03817306960232392,0,0
22,melan,0,13,0.20379073917865753,1.0,0.19794005155563354,0.04033834941958414,0,0
22,sox10,0,84,0.0574784092605114,1.0,0.7433208227157593,0.04272489845991645,0,0
28,sox10,0,153,0.007346705533564091,1.0,0.9211165904998779,0.006767172352483142,0,0
28,sox10,0,97,0.0074055553413927555,1.0,0.9211165904998779,0.0068213798868218545,0,0
28,sox10,0,45,0.007517575286328793,1.0,0.9211165904998779,0.006924563316569321,0,0
28,sox10,0,5,0.007520022336393595,1.0,0.9211165904998779,0.006926817334981794,0,0
28,sox10,0,25,0.007571754511445761,1.0,0.9211165904998779,0.006974468699684988,0,0
28,sox10,0,53,0.007582962978631258,1.0,0.9211165904998779,0.006984793004763623,0,0
28,sox10,0,63,0.007716253865510225,1.0,0.9211165904998779,0.007107569452030282,0,0
28,sox10,0,101,0.008263966999948025,1.0,0.9211165904998779,0.0076120771069956294,0,0
28,sox10,0,62,0.008465844206511974,1.0,0.9211165904998779,0.007798029551205454,0,0
28,sox10,0,82,0.008471688255667686,1.0,0.9211165904998779,0.0078034126018384775,0,0
28,sox10,0,13,0.00855247676372528,1.0,0.9211165904998779,0.00787782823693206,0,0
28,sox10,0,43,0.008634719997644424,1.0,0.9211165904998779,0.007953583844151346,0,0
28,melan,0,101,0.21735510230064392,0.5214301943778992,0.07019605487585068,0.007955705906893769,0,0
28,sox10,0,58,0.008692659437656403,1.0,0.9211165904998779,0.008006952823590652,0,0
28,sox10,0,163,0.008927132934331894,1.0,0.9211165904998779,0.008222930251410965,0,0
28,sox10,0,165,0.00899427104741335,1.0,0.9211165904998779,0.00828477228122515,0,0
28,sox10,0,81,0.009554077871143818,1.0,0.9211165904998779,0.008800419634038326,0,0
28,sox10,0,10,0.009721222333610058,1.0,0.9211165904998779,0.008954379171426163,0,0
28,sox10,0,145,0.010074736550450325,1.0,0.9211165904998779,0.009280006981535305,0,0
28,sox10,0,144,0.010223748162388802,1.0,0.9211165904998779,0.009417264049468965,0,0
28,sox10,0,85,0.010279563255608082,1.0,0.9211165904998779,0.009468676257833541,0,0
28,sox10,0,73,0.010505595244467258,1.0,0.9211165904998779,0.009676878072755413,0,0
28,sox10,0,9,0.010743452236056328,1.0,0.9211165904998779,0.009895972093874494,0,0
28,sox10,0,74,0.010816696099936962,1.0,0.9211165904998779,0.009963438232047261,0,0
28,sox10,0,44,0.010920644737780094,1.0,0.9211165904998779,0.010059187046924434,0,0
28,sox10,0,71,0.011635963805019855,1.0,0.9211165904998779,0.010718079307259876,0,0
28,sox10,0,38,0.01177137903869152,1.0,0.9211165904998779,0.010842812525601264,0,0
28,sox10,0,166,0.011880694888532162,1.0,0.9211165904998779,0.010943505168494072,0,0
28,sox10,0,18,0.01202419213950634,1.0,0.9211165904998779,0.011075682867057512,0,0
28,sox10,0,77,0.012345275841653347,1.0,0.9211165904998779,0.011371438392044242,0,0
28,sox10,0,11,0.013003014959394932,1.0,0.9211165904998779,0.011977292805616768,0,0
28,sox10,0,7,0.013077402487397194,1.0,0.9211165904998779,0.012045812391785926,0,0
28,sox10,0,65,0.01320747472345829,1.0,0.9211165904998779,0.012165624086385218,0,0
28,sox10,0,167,0.01361022423952818,1.0,0.9211165904998779,0.01253660334745299,0,0
28,sox10,0,84,0.013631660491228104,1.0,0.9211165904998779,0.012556348634531922,0,0
28,sox10,0,83,0.014414520002901554,1.0,0.9211165904998779,0.01327745351876497,0,0
28,sox10,0,57,0.014600454829633236,1.0,0.9211165904998779,0.013448721172419242,0,0
28,sox10,0,4,0.014687866903841496,1.0,0.9211165904998779,0.013529237884182477,0,0
28,sox10,0,51,0.01648249290883541,1.0,0.9211165904998779,0.01518229767112489,0,0
28,sox10,0,17,0.016687829047441483,1.0,0.9211165904998779,0.015371436195024124,0,0
28,sox10,0,99,0.018095867708325386,1.0,0.9211165904998779,0.01666840396562952,0,0
28,sox10,0,56,0.019080735743045807,1.0,0.9211165904998779,0.01757558225186351,0,0
28,sox10,0,3,0.01936921663582325,1.0,0.9211165904998779,0.017841306788243028,0,0
28,sox10,0,52,0.02021784335374832,1.0,0.9211165904998779,0.01862299093726527,0,0
28,sox10,0,68,0.020353002473711967,1.0,0.9211165904998779,0.01874748824502115,0,0
28,sox10,0,89,0.022237615659832954,1.0,0.9211165904998779,0.020483436717432024,0,0
28,sox10,0,64,0.022673984989523888,1.0,0.9211165904998779,0.020885383746595654,0,0
28,sox10,0,47,0.02457602135837078,1.0,0.9211165904998779,0.022637381001674672,0,0
28,sox10,0,50,0.025628648698329926,1.0,0.9211165904998779,0.023606973508124796,0,0
28,sox10,0,88,0.0258015226572752,1.0,0.9211165904998779,0.023766210579774683,0,0
28,sox10,0,75,0.02630511112511158,1.0,0.9211165904998779,0.024230074272283186,0,0
28,sox10,0,48,0.02945053018629551,1.0,0.9211165904998779,0.027127371953614254,0,0
38,melan,0,13,0.013054502196609974,0.13019724190235138,0.9803183674812317,0.001666208093329256,1,1
38,melan,2,29,0.028797369450330734,0.05961271747946739,0.9803183674812317,0.00168290219830652,1,1
38,melan,13,9,0.05030859634280205,0.03426636382937431,0.9803183674812317,0.0016899636440730302,1,1
38,melan,8,1,0.03088163025677204,0.05631492659449577,0.9803183674812317,0.001704868478056967,1,1
38,melan,10,22,0.039541538804769516,0.04421134665608406,0.9803183674812317,0.001713777550977524,1,1
38,melan,2,22,0.029848771169781685,0.05961271747946739,0.9803183674812317,0.0017443455279835278,1,1
38,melan,5,11,0.02609967812895775,0.06919874995946884,0.9803183674812317,0.0017705187912481013,1,1
38,melan,2,13,0.03052298165857792,0.05961271747946739,0.9803183674812317,0.0017837460126588203,1,1
38,melan,1,7,0.012950732372701168,0.140648752450943,0.9803183674812317,0.0017856541722679855,1,1
38,melan,14,21,0.04398966580629349,0.0422043651342392,0.9803183674812317,0.0018200158664968505,1,1
38,melan,4,17,0.04546177014708519,0.040967196226119995,0.9803183674812317,0.0018257853739667344,1,1
38,melan,0,49,0.01450582779943943,0.13019724190235138,0.9803183674812317,0.0018514476703786488,1,1
38,melan,0,43,0.01453435979783535,0.13019724190235138,0.9803183674812317,0.0018550893447933565,1,1
38,melan,1,20,0.013488651253283024,0.140648752450943,0.9803183674812317,0.001859822726277906,1,1
38,melan,10,7,0.043820951133966446,0.04421134665608406,0.9803183674812317,0.0018992523959845552,1,1
38,melan,8,24,0.034500833600759506,0.05631492659449577,0.9803183674812317,0.0019046722334137465,1,1
38,melan,10,15,0.044646255671978,0.04421134665608406,0.9803183674812317,0.0019350220810478353,1,1
38,melan,12,26,0.03796553984284401,0.052293431013822556,0.9803183674812317,0.0019462734422507602,1,1
38,melan,2,17,0.033646535128355026,0.05961271747946739,0.9803183674812317,0.001966284734116779,1,1
38,melan,6,2,0.01979532465338707,0.10150077193975449,0.9803183674812317,0.001969695595365894,1,1
38,melan,1,2,0.014444436877965927,0.140648752450943,0.9803183674812317,0.0019916069790438997,1,1
38,melan,10,16,0.046055860817432404,0.04421134665608406,0.9803183674812317,0.001996116052780943,1,1
38,melan,2,4,0.03436661884188652,0.05961271747946739,0.9803183674812317,0.0020083660244428632,1,1
38,melan,1,9,0.014622075483202934,0.140648752450943,0.9803183674812317,0.0020160998885928576,1,1
38,melan,2,45,0.034539785236120224,0.05961271747946739,0.9803183674812317,0.002018485771874355,1,1
38,melan,0,11,0.01591486856341362,0.13019724190235138,0.9803183674812317,0.0020312902326920785,1,1
38,melan,9,12,0.018303461372852325,0.1137484759092331,0.9803183674812317,0.0020410138565030564,1,1
38,melan,12,24,0.040156636387109756,0.052293431013822556,0.9803183674812317,0.002058598277645288,1,1
38,melan,2,50,0.03531443327665329,0.05961271747946739,0.9803183674812317,0.0020637557710170016,1,1
38,melan,14,11,0.0498962476849556,0.0422043651342392,0.9803183674812317,0.002064393097805342,1,1
38,melan,0,9,0.016203636303544044,0.13019724190235138,0.9803183674812317,0.002068147030327967,1,1
38,melan,2,3,0.03540610522031784,0.05961271747946739,0.9803183674812317,0.0020691130282408667,1,1
38,melan,2,5,0.035590216517448425,0.05961271747946739,0.9803183674812317,0.00207987238968909,1,1
38,melan,0,25,0.016417451202869415,0.13019724190235138,0.9803183674812317,0.00209543724104338,1,1
38,melan,0,37,0.016537489369511604,0.13019724190235138,0.9803183674812317,0.0021107582821489963,1,1
38,melan,12,28,0.04160217195749283,0.052293431013822556,0.9803183674812317,0.002132702518019883,1,1
38,melan,14,3,0.05237627774477005,0.0422043651342392,0.9803183674812317,0.002167001153027386,1,1
38,melan,2,2,0.03737471252679825,0.05961271747946739,0.9803183674812317,0.002184157340513636,1,1
38,melan,14,22,0.05458647012710571,0.0422043651342392,0.9803183674812317,0.002258445021266228,1,1
38,melan,10,25,0.05261522904038429,0.04421134665608406,0.9803183674812317,0.0022804069111765283,1,1
38,melan,14,5,0.055246684700250626,0.0422043651342392,0.9803183674812317,0.0022857605504113545,1,1
38,melan,13,13,0.07014331966638565,0.03426636382937431,0.9803183674812317,0.0023562505958833954,1,1
38,melan,13,2,0.07130163162946701,0.03426636382937431,0.9803183674812317,0.002395160548623161,1,1
38,melan,10,23,0.05548932030797005,0.04421134665608406,0.9803183674812317,0.002404973461764461,1,1
38,melan,1,1,0.017536528408527374,0.140648752450943,0.9803183674812317,0.0024179462765974587,1,1
38,melan,14,25,0.059152185916900635,0.0422043651342392,0.9803183674812317,0.0024473456420605125,1,1
38,melan,17,0,0.02717343531548977,0.09511390328407288,0.9803183674812317,0.0025337029120416727,1,1
38,melan,12,5,0.0502469502389431,0.052293431013822556,0.9803183674812317,0.0025758702552094318,1,1
38,melan,8,22,0.04786182567477226,0.05631492659449577,0.9803183674812317,0.002642286602640843,1,1
38,melan,10,24,0.06150591000914574,0.04421134665608406,0.9803183674812317,0.0026657396503092963,1,1
38,melan,12,11,0.0534246452152729,0.052293431013822556,0.9803183674812317,0.002738772280720076,1,1
38,melan,8,8,0.04966643452644348,0.05631492659449577,0.9803183674812317,0.0027419128438999868,1,1
38,melan,12,27,0.05360026657581329,0.052293431013822556,0.9803183674812317,0.002747775371189133,1,1
38,melan,5,3,0.04052012786269188,0.06919874995946884,0.9803183674812317,0.0027487560363847535,1,1
38,melan,13,18,0.08248768746852875,0.03426636382937431,0.9803183674812317,0.0027709219306297946,1,1
38,melan,13,3,0.0830288678407669,0.03426636382937431,0.9803183674812317,0.0027891012323884145,1,1
38,melan,10,26,0.06438998132944107,0.04421134665608406,0.9803183674812317,0.0027907387483096014,1,1
38,melan,5,0,0.041520196944475174,0.06919874995946884,0.9803183674812317,0.0028165975282642653,1,1
38,melan,13,10,0.0866827443242073,0.03426636382937431,0.9803183674812317,0.002911842053358093,1,1
38,melan,2,18,0.05046730116009712,0.05961271747946739,0.9803183674812317,0.0029492809130157965,1,1
38,melan,0,8,0.023209553211927414,0.13019724190235138,0.9803183674812317,0.002962345466862146,1,1
38,melan,0,64,0.02324087731540203,0.13019724190235138,0.9803183674812317,0.002966343510903936,1,1
38,melan,12,25,0.0578821636736393,0.052293431013822556,0.9803183674812317,0.002967283447156085,1,1
38,melan,5,9,0.04379419609904289,0.06919874995946884,0.9803183674812317,0.0029708583668290674,1,1
38,melan,12,6,0.060447677969932556,0.052293431013822556,0.9803183674812317,0.0030988025131632913,1,1
38,melan,10,6,0.07190670073032379,0.04421134665608406,0.9803183674812317,0.003116522350961813,1,1
38,melan,17,12,0.034949302673339844,0.09511390328407288,0.9803183674812317,0.003258739608340571,1,1
38,melan,8,17,0.060951605439186096,0.05631492659449577,0.9803183674812317,0.0033649282740650173,1,1
38,melan,13,4,0.10028813034296036,0.03426636382937431,0.9803183674812317,0.003368873443751116,1,1
38,melan,9,6,0.031040683388710022,0.1137484759092331,0.9803183674812317,0.0034613379197034654,1,1
38,melan,14,2,0.08477748185396194,0.0422043651342392,0.9803183674812317,0.003507559315756038,1,1
38,melan,8,6,0.06446176767349243,0.05631492659449577,0.9803183674812317,0.003558712245195316,1,1
38,melan,0,19,0.028193676844239235,0.13019724190235138,0.9803183674812317,0.003598492828840309,1,1
38,melan,0,14,0.028248755261301994,0.13019724190235138,0.9803183674812317,0.0036055227487020993,1,1
38,melan,4,12,0.09067725390195847,0.040967196226119995,0.9803183674812317,0.0036416796660144694,1,1
38,melan,1,16,0.02650008164346218,0.140648752450943,0.9803183674812317,0.003653845974906888,1,1
38,melan,14,34,0.08856990933418274,0.0422043651342392,0.9803183674812317,0.0036644661269360636,1,1
38,melan,1,14,0.027329592034220695,0.140648752450943,0.9803183674812317,0.0037682193282872613,1,1
38,melan,12,23,0.07361557334661484,0.052293431013822556,0.9803183674812317,0.003773844279145288,1,1
38,melan,10,5,0.08852552622556686,0.04421134665608406,0.9803183674812317,0.0038368021103809156,1,1
38,melan,14,36,0.09322353452444077,0.0422043651342392,0.9803183674812317,0.0038570038861519404,1,1
38,melan,13,11,0.12093882262706757,0.03426636382937431,0.9803183674812317,0.004062570380697635,1,1
38,melan,4,18,0.10288646072149277,0.040967196226119995,0.9803183674812317,0.00413201233820739,1,1
38,melan,4,13,0.10338379442691803,0.040967196226119995,0.9803183674812317,0.004151985704893473,1,1
38,melan,5,10,0.06293623149394989,0.06919874995946884,0.9803183674812317,0.0042693929005487175,1,1
38,melan,1,13,0.03108070231974125,0.140648752450943,0.9803183674812317,0.0042854244977876535,1,1
38,melan,4,14,0.1080765426158905,0.040967196226119995,0.9803183674812317,0.0043404506718187465,1,1
38,melan,12,3,0.08906073123216629,0.052293431013822556,0.9803183674812317,0.004565628110705495,1,1
38,melan,17,10,0.050007857382297516,0.09511390328407288,0.9803183674812317,0.004662827956915177,1,1
38,melan,8,5,0.08693943172693253,0.05631492659449577,0.9803183674812317,0.004799626684829237,1,1
38,melan,1,5,0.03622967749834061,0.140648752450943,0.9803183674812317,0.004995368055107305,1,1
38,melan,9,14,0.045507803559303284,0.1137484759092331,0.9803183674812317,0.005074562442124727,1,1
38,melan,17,15,0.054536476731300354,0.09511390328407288,0.9803183674812317,0.005085085058340851,1,1
38,melan,17,8,0.0554809533059597,0.09511390328407288,0.9803183674812317,0.005173149854704873,1,1
38,melan,0,39,0.041949834674596786,0.13019724190235138,0.9803183674812317,0.005354256561907699,1,1
38,melan,5,7,0.07938278466463089,0.06919874995946884,0.9803183674812317,0.005385074530646835,1,1
38,melan,4,16,0.13564470410346985,0.040967196226119995,0.9803183674812317,0.005447612708587844,1,1
38,melan,0,29,0.04339459538459778,0.13019724190235138,0.9803183674812317,0.005538658230517698,1,1
38,melan,9,2,0.04986771196126938,0.1137484759092331,0.9803183674812317,0.00556073460815532,1,1
38,melan,9,21,0.04986771196126938,0.1137484759092331,0.9803183674812317,0.00556073460815532,1,1
38,melan,5,6,0.08512658625841141,0.06919874995946884,0.9803183674812317,0.005774715682723192,1,1
38,melan,6,10,0.05870930850505829,0.10150077193975449,0.9803183674812317,0.005841756495244159,1,1
38,melan,6,11,0.05952255427837372,0.10150077193975449,0.9803183674812317,0.005922676947204276,1,1
38,melan,6,9,0.060333263128995895,0.10150077193975449,0.9803183674812317,0.006003344967565408,1,1
38,melan,8,13,0.10928323119878769,0.05631492659449577,0.9803183674812317,0.0060331509218224675,1,1
38,melan,8,9,0.11271297186613083,0.05631492659449577,0.9803183674812317,0.006222495095139909,1,1
38,melan,0,17,0.050397276878356934,0.13019724190235138,0.9803183674812317,0.00643244371572283,1,1
38,melan,4,15,0.1688995212316513,0.040967196226119995,0.9803183674812317,0.006783155925011964,1,1
38,melan,0,40,0.053788721561431885,0.13019724190235138,0.9803183674812317,0.006865309901955913,1,1
38,melan,0,31,0.05521821603178978,0.13019724190235138,0.9803183674812317,0.007047763067921771,1,1
38,melan,1,8,0.05208807811141014,0.140648752450943,0.9803183674812317,0.007181933139249996,1,1
38,melan,0,24,0.05674630030989647,0.13019724190235138,0.9803183674812317,0.0072427997191187605,1,1
38,melan,0,7,0.057369817048311234,0.13019724190235138,0.9803183674812317,0.007322382120670826,1,1
38,melan,12,4,0.153000146150589,0.052293431013822556,0.9803183674812317,0.00784343176327845,1,1
38,melan,9,16,0.07070150971412659,0.1137484759092331,0.9803183674812317,0.007883905566421852,1,1
38,melan,9,18,0.07266302406787872,0.1137484759092331,0.9803183674812317,0.00810263348319041,1,1
38,melan,9,13,0.07400402426719666,0.1137484759092331,0.9803183674812317,0.008252168040213639,1,1
38,melan,6,0,0.08547455817461014,0.10150077193975449,0.9803183674812317,0.008504981034679242,1,1
38,melan,0,21,0.06753010302782059,0.13019724190235138,0.9803183674812317,0.008619187657537216,1,1
38,melan,6,12,0.08887163549661636,0.10150077193975449,0.9803183674812317,0.008843000660799804,1,1
38,melan,0,35,0.06950300186872482,0.13019724190235138,0.9803183674812317,0.00887099810320003,1,1
38,melan,9,15,0.0805242732167244,0.1137484759092331,0.9803183674812317,0.008979239176254273,1,1
38,melan,0,22,0.0732990950345993,0.13019724190235138,0.9803183674812317,0.009355511496415012,1,1
38,melan,1,18,0.06797105818986893,0.140648752450943,0.9803183674812317,0.009371887253731769,1,1
38,melan,0,33,0.07636547833681107,0.13019724190235138,0.9803183674812317,0.009746888555336624,1,1
38,melan,17,3,0.11603997647762299,0.09511390328407288,0.9803183674812317,0.010819788624480782,1,1
38,melan,5,13,0.16736213862895966,0.06919874995946884,0.9803183674812317,0.011353312861635503,1,1
38,melan,1,11,0.08707449585199356,0.140648752450943,0.9803183674812317,0.012005879848462485,1,1
38,melan,8,27,0.2250712513923645,0.05631492659449577,0.9803183674812317,0.012425408847433893,1,1
38,melan,9,17,0.11467380821704865,0.1137484759092331,0.9803183674812317,0.012787244269333356,1,1
38,melan,1,15,0.09812785685062408,0.140648752450943,0.9803183674812317,0.013529923401890662,1,1
38,melan,17,11,0.14883728325366974,0.09511390328407288,0.9803183674812317,0.01387787203280953,1,1
38,melan,6,1,0.1596703827381134,0.10150077193975449,0.9803183674812317,0.01588769343754288,1,1
38,melan,9,0,0.15371444821357727,0.1137484759092331,0.9803183674812317,0.017140655112041353,1,1
38,melan,9,10,0.1619543731212616,0.1137484759092331,0.9803183674812317,0.01805948683302242,1,1
38,melan,1,10,0.14821143448352814,0.140648752450943,0.9803183674812317,0.02043547490188275,1,1
38,melan,5,14,0.3381672501564026,0.06919874995946884,0.9803183674812317,0.022940186006443968,1,1
38,melan,17,9,0.45889320969581604,0.09511390328407288,0.9803183674812317,0.04278807770247811,1,1
38,melan,6,8,0.4310903251171112,0.10150077193975449,0.9803183674812317,0.04289481124739915,1,1
38,melan,1,19,0.31700602173805237,0.140648752450943,0.9803183674812317,0.04370896633952784,1,1
41,melan,0,236,0.008068988099694252,0.4118131697177887,0.7908955216407776,0.002628079039742269,1,1
41,melan,2,36,0.05170665681362152,0.06640896201133728,0.7908955216407776,0.002715765501517258,1,1
41,h&e,4,11,0.0145467733964324,0.9060911536216736,0.2078162282705307,0.0027391639186266333,1,1
41,h&e,4,47,0.014821276068687439,0.9060911536216736,0.2078162282705307,0.002790852894244553,1,1
41,melan,0,283,0.008582768961787224,0.4118131697177887,0.7908955216407776,0.002795418078789608,1,1
41,melan,3,31,0.03009878098964691,0.12081984430551529,0.7908955216407776,0.002876115317376254,1,1
41,melan,0,106,0.008960799314081669,0.4118131697177887,0.7908955216407776,0.0029185430150240614,1,1
41,melan,3,2,0.03141931816935539,0.12081984430551529,0.7908955216407776,0.0030023004014509483,1,1
41,melan,0,113,0.009229310788214207,0.4118131697177887,0.7908955216407776,0.003005997522129452,1,1
41,melan,0,122,0.009278343059122562,0.4118131697177887,0.7908955216407776,0.003021967391195202,1,1
41,melan,0,282,0.009364069439470768,0.4118131697177887,0.7908955216407776,0.0030498885754332394,1,1
41,melan,0,204,0.00939987227320671,0.4118131697177887,0.7908955216407776,0.003061549601046646,1,1
41,melan,3,14,0.03294667601585388,0.12081984430551529,0.7908955216407776,0.003148248415057882,1,1
41,melan,0,202,0.009710160084068775,0.4118131697177887,0.7908955216407776,0.003162610710808972,1,1
41,h&e,4,23,0.016845447942614555,0.9060911536216736,0.2078162282705307,0.0031720053609159463,1,1
41,melan,0,211,0.009818037040531635,0.4118131697177887,0.7908955216407776,0.003197746364084006,1,1
41,melan,3,22,0.03486595302820206,0.12081984430551529,0.7908955216407776,0.0033316466070112856,1,1
41,melan,0,194,0.010703283362090588,0.4118131697177887,0.7908955216407776,0.0034860721459483,1,1
41,melan,4,35,0.012182354927062988,0.36802318692207336,0.7908955216407776,0.0035458923486832716,1,1
41,melan,0,200,0.01093095913529396,0.4118131697177887,0.7908955216407776,0.0035602264165978713,1,1
41,melan,4,17,0.012476339936256409,0.36802318692207336,0.7908955216407776,0.0036314619451174356,1,1
41,melan,0,158,0.011506227776408195,0.4118131697177887,0.7908955216407776,0.0037475920985463457,1,1
41,melan,2,28,0.07152273505926132,0.06640896201133728,0.7908955216407776,0.0037565564748895308,1,1
41,melan,0,210,0.011723892763257027,0.4118131697177887,0.7908955216407776,0.003818485844150564,1,1
41,melan,0,162,0.011951535008847713,0.4118131697177887,0.7908955216407776,0.0038926291948167295,1,1
41,h&e,4,88,0.020848948508501053,0.9060911536216736,0.2078162282705307,0.003925866303093479,1,1
41,melan,0,7,0.012142225168645382,0.4118131697177887,0.7908955216407776,0.003954737207104955,1,1
41,melan,3,30,0.042120203375816345,0.12081984430551529,0.7908955216407776,0.004024832837644084,1,1
41,h&e,4,45,0.021532973274588585,0.9060911536216736,0.2078162282705307,0.004054668471633034,1,1
41,melan,0,125,0.012689709663391113,0.4118131697177887,0.7908955216407776,0.004133053559471327,1,1
41,melan,0,133,0.012707876041531563,0.4118131697177887,0.7908955216407776,0.004138970370480226,1,1
41,melan,0,8,0.012736989185214043,0.4118131697177887,0.7908955216407776,0.004148452556071234,1,1
41,melan,0,137,0.013011244125664234,0.4118131697177887,0.7908955216407776,0.004237777717000672,1,1
41,melan,4,78,0.014565922319889069,0.36802318692207336,0.7908955216407776,0.004239672281331365,1,1
41,melan,0,57,0.01382539328187704,0.4118131697177887,0.7908955216407776,0.004502947067386479,1,1
41,melan,0,68,0.013855206780135632,0.4118131697177887,0.7908955216407776,0.0045126573592975255,1,1
41,melan,4,73,0.015563640743494034,0.36802318692207336,0.7908955216407776,0.004530076078099918,1,1
41,melan,0,30,0.014217314310371876,0.4118131697177887,0.7908955216407776,0.0046305962134126745,1,1
41,melan,0,1,0.014225710183382034,0.4118131697177887,0.7908955216407776,0.004633330759257298,1,1
41,melan,3,4,0.05160807445645332,0.12081984430551529,0.7908955216407776,0.00493145464912866,1,1
41,h&e,4,96,0.026341669261455536,0.9060911536216736,0.2078162282705307,0.004960148070710381,1,1
41,melan,0,132,0.01578729972243309,0.4118131697177887,0.7908955216407776,0.005141942333045142,1,1
41,h&e,4,97,0.027893634513020515,0.9060911536216736,0.2078162282705307,0.005252383819779772,1,1
41,h&e,4,93,0.028207186609506607,0.9060911536216736,0.2078162282705307,0.005311425819397026,1,1
41,h&e,4,57,0.02857586368918419,0.9060911536216736,0.2078162282705307,0.005380847877935803,1,1
41,melan,3,39,0.056705668568611145,0.12081984430551529,0.7908955216407776,0.005418559708725165,1,1
41,h&e,4,72,0.029166636988520622,0.9060911536216736,0.2078162282705307,0.005492090753694578,1,1
41,melan,0,161,0.017229661345481873,0.4118131697177887,0.7908955216407776,0.005611721232509224,1,1
41,melan,0,136,0.01830338127911091,0.4118131697177887,0.7908955216407776,0.005961433094425448,1,1
41,h&e,4,99,0.03228536248207092,0.9060911536216736,0.2078162282705307,0.006079348155128295,1,1
41,melan,4,43,0.0210205540060997,0.36802318692207336,0.7908955216407776,0.006118408309523966,1,1
41,melan,0,160,0.01884949579834938,0.4118131697177887,0.7908955216407776,0.00613930324413653,1,1
41,melan,0,100,0.01930292323231697,0.4118131697177887,0.7908955216407776,0.006286985099721309,1,1
41,melan,0,134,0.019643612205982208,0.4118131697177887,0.7908955216407776,0.006397947904437162,1,1
41,melan,2,1,0.12385886907577515,0.06640896201133728,0.7908955216407776,0.006505383724679715,1,1
41,h&e,4,17,0.034903109073638916,0.9060911536216736,0.2078162282705307,0.006572271005874664,1,1
41,melan,4,53,0.02305412106215954,0.36802318692207336,0.7908955216407776,0.006710314382511398,1,1
41,melan,0,203,0.020910115912556648,0.4118131697177887,0.7908955216407776,0.00681044967093875,1,1
41,melan,3,21,0.07154729962348938,0.12081984430551529,0.7908955216407776,0.006836764732591919,1,1
41,melan,2,27,0.1321522295475006,0.06640896201133728,0.7908955216407776,0.006940972170127719,1,1
41,melan,0,62,0.02260686084628105,0.4118131697177887,0.7908955216407776,0.007363081517834021,1,1
41,h&e,4,39,0.040486402809619904,0.9060911536216736,0.2078162282705307,0.007623607706592361,1,1
41,h&e,4,46,0.04070066660642624,0.9060911536216736,0.2078162282705307,0.007663953675095851,1,1
41,h&e,4,40,0.042021121829748154,0.9060911536216736,0.2078162282705307,0.00791259598259014,1,1
41,melan,0,214,0.024848006665706635,0.4118131697177887,0.7908955216407776,0.008093025381955169,1,1
41,melan,0,83,0.025160089135169983,0.4118131697177887,0.7908955216407776,0.008194671014162597,1,1
41,melan,0,196,0.026126300916075706,0.4118131697177887,0.7908955216407776,0.008509367342621255,1,1
41,melan,0,213,0.02639324776828289,0.4118131697177887,0.7908955216407776,0.008596312250501024,1,1
41,melan,4,20,0.030270755290985107,0.36802318692207336,0.7908955216407776,0.0088108448832598,1,1
41,h&e,4,104,0.04730575159192085,0.9060911536216736,0.2078162282705307,0.008907694123831137,1,1
41,melan,0,82,0.02797558531165123,0.4118131697177887,0.7908955216407776,0.00911168147402004,1,1
41,h&e,4,12,0.048591189086437225,0.9060911536216736,0.2078162282705307,0.00914974257737291,1,1
41,melan,0,216,0.028729557991027832,0.4118131697177887,0.7908955216407776,0.009357251274189042,1,1
41,h&e,4,34,0.0526997447013855,0.9060911536216736,0.2078162282705307,0.0099233854321449,1,1
41,melan,4,45,0.035737913101911545,0.36802318692207336,0.7908955216407776,0.010402158973751642,1,1
41,h&e,4,92,0.05548242852091789,0.9060911536216736,0.2078162282705307,0.010447366036481434,1,1
41,melan,0,304,0.03388728201389313,0.4118131697177887,0.7908955216407776,0.011037128134805688,1,1
41,h&e,4,28,0.058666814118623734,0.9060911536216736,0.2078162282705307,0.011046987264813027,1,1
41,h&e,4,103,0.05872421711683273,0.9060911536216736,0.2078162282705307,0.011057796274978377,1,1
41,h&e,4,100,0.062023330479860306,0.9060911536216736,0.2078162282705307,0.011679020792690353,1,1
41,h&e,4,50,0.06342986971139908,0.9060911536216736,0.2078162282705307,0.011943872757326628,1,1
41,melan,4,9,0.04864966869354248,0.36802318692207336,0.7908955216407776,0.014160356435124609,1,1
41,melan,0,46,0.04732116311788559,0.4118131697177887,0.7908955216407776,0.015412559219296951,1,1
41,melan,4,33,0.06116889789700508,0.36802318692207336,0.7908955216407776,0.01780430206876841,1,1
41,melan,2,37,0.4443812370300293,0.06640896201133728,0.7908955216407776,0.02334003603052113,1,1
41,melan,4,69,0.4334958791732788,0.36802318692207336,0.7908955216407776,0.12617673104660068,1,1
46,sox10,0,71,0.09131065011024475,1.0,0.22038643062114716,0.020123628255493298,0,0
46,sox10,0,30,0.10246244072914124,1.0,0.22038643062114716,0.022581331585026287,0,0
46,melan,0,11,0.033515024930238724,1.0,0.72064208984375,0.024152337606892615,0,0
46,melan,0,10,0.03837106004357338,1.0,0.72064208984375,0.027651800899320733,0,0
46,melan,0,58,0.04048130288720131,1.0,0.72064208984375,0.029172530712230582,0,0
46,melan,0,15,0.0518936924636364,1.0,0.72064208984375,0.037396778986703794,0,0
46,melan,0,19,0.073141910135746,1.0,0.72064208984375,0.05270913897538776,0,0
46,melan,0,60,0.1203809455037117,1.0,0.72064208984375,0.08675157614516138,0,0
46,melan,0,61,0.1203809455037117,1.0,0.72064208984375,0.08675157614516138,0,0
46,melan,0,18,0.27102670073509216,1.0,0.72064208984375,0.19531324802119343,0,0
51,melan,0,39,0.013387859798967838,0.5904368758201599,0.9783362150192261,0.007733440693314892,1,1
51,melan,0,112,0.014230825006961823,0.5904368758201599,0.9783362150192261,0.008220375986964436,1,1
51,melan,0,15,0.015011534094810486,0.5904368758201599,0.9783362150192261,0.008671349295638843,1,1
51,melan,0,40,0.015326851047575474,0.5904368758201599,0.9783362150192261,0.008853490802229224,1,1
51,melan,0,173,0.01562575250864029,0.5904368758201599,0.9783362150192261,0.009026149969340322,1,1
51,melan,1,64,0.022986775264143944,0.4095631241798401,0.9783362150192261,0.009210581019410052,1,1
51,melan,0,131,0.017652247101068497,0.5904368758201599,0.9783362150192261,0.010196746015399537,1,1
51,melan,1,4,0.02580012008547783,0.4095631241798401,0.9783362150192261,0.01033786138451865,1,1
51,melan,0,41,0.018080951645970345,0.5904368758201599,0.9783362150192261,0.010444385385899113,1,1
51,melan,0,5,0.019123032689094543,0.5904368758201599,0.9783362150192261,0.011046339101103843,1,1
51,melan,0,8,0.01998143084347248,0.5904368758201599,0.9783362150192261,0.01154218917107877,1,1
51,melan,0,60,0.020117884501814842,0.5904368758201599,0.9783362150192261,0.01162101105075351,1,1
51,melan,0,103,0.02063567377626896,0.5904368758201599,0.9783362150192261,0.011920109839189744,1,1
51,melan,0,6,0.021725362166762352,0.5904368758201599,0.9783362150192261,0.012549563737618237,1,1
51,melan,0,129,0.021936964243650436,0.5904368758201599,0.9783362150192261,0.01267179478401166,1,1
51,melan,0,67,0.022428756579756737,0.5904368758201599,0.9783362150192261,0.012955876550762612,1,1
51,melan,0,11,0.02280447632074356,0.5904368758201599,0.9783362150192261,0.013172909472966747,1,1
51,melan,1,41,0.034794311970472336,0.4095631241798401,0.9783362150192261,0.013941748058874555,1,1
51,melan,0,106,0.026541810482740402,0.5904368758201599,0.9783362150192261,0.01533176477373189,1,1
51,melan,0,95,0.026965877041220665,0.5904368758201599,0.9783362150192261,0.015576725030955236,1,1
51,melan,0,34,0.0300474651157856,0.5904368758201599,0.9783362150192261,0.017356791372680123,1,1
51,melan,0,4,0.030351225286722183,0.5904368758201599,0.9783362150192261,0.01753225715303662,1,1
51,melan,0,105,0.030368691310286522,0.5904368758201599,0.9783362150192261,0.017542346327812208,1,1
51,melan,1,35,0.04717840999364853,0.4095631241798401,0.9783362150192261,0.018903937704183558,1,1
51,melan,0,107,0.03390306979417801,0.5904368758201599,0.9783362150192261,0.019583965137938253,1,1
51,melan,0,10,0.036079298704862595,0.5904368758201599,0.9783362150192261,0.020841054580804545,1,1
51,melan,0,7,0.036960531026124954,0.5904368758201599,0.9783362150192261,0.021350094710881205,1,1
51,melan,1,63,0.0538630373775959,0.4095631241798401,0.9783362150192261,0.02158240396997829,1,1
51,melan,0,102,0.04154963791370392,0.5904368758201599,0.9783362150192261,0.024000972930647964,1,1
51,melan,0,104,0.04359251633286476,0.5904368758201599,0.9783362150192261,0.025181033025051647,1,1
51,melan,1,12,0.06356678158044815,0.4095631241798401,0.9783362150192261,0.025470601472453405,1,1
51,melan,0,9,0.04704427346587181,0.5904368758201599,0.9783362150192261,0.027174925960642044,1,1
51,melan,0,96,0.060171790421009064,0.5904368758201599,0.9783362150192261,0.03475798070930819,1,1
51,melan,1,68,0.08711187541484833,0.4095631241798401,0.9783362150192261,0.03490489540360918,1,1
51,melan,1,23,0.14260061085224152,0.4095631241798401,0.9783362150192261,0.05713870103914503,1,1
51,melan,1,67,0.16588468849658966,0.4095631241798401,0.9783362150192261,0.06646840827911746,1,1
51,melan,1,62,0.16805170476436615,0.4095631241798401,0.9783362150192261,0.06733671097383553,1,1
57,melan,2,199,0.010891631245613098,0.3315354585647583,0.994526207447052,0.0035911963028495203,1,1
57,melan,1,108,0.015478302724659443,0.23614484071731567,0.994526207447052,0.003635113955564671,1,1
57,melan,1,125,0.015648601576685905,0.23614484071731567,0.994526207447052,0.003675109021214329,1,1
57,melan,2,193,0.011154369451105595,0.3315354585647583,0.994526207447052,0.0036778265284699487,1,1
57,melan,1,128,0.015761980786919594,0.23614484071731567,0.994526207447052,0.003701736381896115,1,1
57,melan,2,200,0.011681683361530304,0.3315354585647583,0.994526207447052,0.0038516928413164357,1,1
57,melan,1,5,0.0164470411837101,0.23614484071731567,0.994526207447052,0.0038626243457172663,1,1
57,melan,2,125,0.012508583255112171,0.3315354585647583,0.994526207447052,0.004124338854910949,1,1
57,melan,2,145,0.01329975575208664,0.3315354585647583,0.994526207447052,0.004385204806206843,1,1
57,melan,1,121,0.01940762624144554,0.23614484071731567,0.994526207447052,0.004557924357059249,1,1
57,melan,1,116,0.020067503675818443,0.23614484071731567,0.994526207447052,0.004712898045926929,1,1
57,melan,2,53,0.014539861120283604,0.3315354585647583,0.994526207447052,0.004794093219061118,1,1
57,melan,1,50,0.020577168092131615,0.23614484071731567,0.994526207447052,0.004832593872100628,1,1
57,melan,1,126,0.02108197845518589,0.23614484071731567,0.994526207447052,0.004951149713028119,1,1
57,melan,1,26,0.021117595955729485,0.23614484071731567,0.994526207447052,0.004959514562559203,1,1
57,melan,1,186,0.021556556224822998,0.23614484071731567,0.994526207447052,0.005062605361886839,1,1
57,melan,1,105,0.021585969254374504,0.23614484071731567,0.994526207447052,0.005069513077551798,1,1
57,melan,1,109,0.022890154272317886,0.23614484071731567,0.994526207447052,0.005375803841061119,1,1
57,melan,1,19,0.024132966995239258,0.23614484071731567,0.994526207447052,0.005667681184049591,1,1
57,melan,1,29,0.025879593566060066,0.23614484071731567,0.994526207447052,0.006077880334156372,1,1
57,melan,0,3,0.014607956632971764,0.4323197603225708,0.994526207447052,0.006280739622769993,1,1
57,melan,1,14,0.02972179464995861,0.23614484071731567,0.994526207447052,0.006980229837756264,1,1
57,melan,2,164,0.02322077564895153,0.3315354585647583,0.994526207447052,0.007656370453544381,1,1
57,melan,1,49,0.033213455229997635,0.23614484071731567,0.994526207447052,0.007800254121321512,1,1
57,melan,2,113,0.023749610409140587,0.3315354585647583,0.994526207447052,0.00783073822204317,1,1
57,melan,0,11,0.018430104479193687,0.4323197603225708,0.994526207447052,0.00792408482326621,1,1
57,melan,0,4,0.020572615787386894,0.4323197603225708,0.994526207447052,0.008845264698296024,1,1
57,melan,0,2,0.020699847489595413,0.4323197603225708,0.994526207447052,0.008899968392550552,1,1
57,melan,1,22,0.038445230573415756,0.23614484071731567,0.994526207447052,0.009028948242475987,1,1
57,melan,2,123,0.027714546769857407,0.3315354585647583,0.994526207447052,0.009138059823238122,1,1
57,melan,1,48,0.03914225473999977,0.23614484071731567,0.994526207447052,0.00919264592434641,1,1
57,melan,1,99,0.040830403566360474,0.23614484071731567,0.994526207447052,0.009589111445594892,1,1
57,melan,1,6,0.04097522795200348,0.23614484071731567,0.994526207447052,0.009623123775933815,1,1
57,melan,0,20,0.022513998672366142,0.4323197603225708,0.994526207447052,0.009679968737677892,1,1
57,melan,0,12,0.02341039478778839,0.4323197603225708,0.994526207447052,0.01006537723397107,1,1
57,melan,0,17,0.024092156440019608,0.4323197603225708,0.994526207447052,0.010358502927730927,1,1
57,melan,1,4,0.04466443508863449,0.23614484071731567,0.994526207447052,0.010489542309405884,1,1
57,melan,1,189,0.04525861516594887,0.23614484071731567,0.994526207447052,0.010629086827276238,1,1
57,melan,0,14,0.02911798097193241,0.4323197603225708,0.994526207447052,0.012519372929454953,1,1
57,melan,1,127,0.05414127558469772,0.23614484071731567,0.994526207447052,0.012715199460239123,1,1
57,melan,1,55,0.05498574674129486,0.23614484071731567,0.994526207447052,0.012913525396940663,1,1
57,melan,0,15,0.030250800773501396,0.4323197603225708,0.994526207447052,0.013006432577285064,1,1
57,melan,1,56,0.05613741651177406,0.23614484071731567,0.994526207447052,0.013183997614039843,1,1
57,melan,2,160,0.05157994106411934,0.3315354585647583,0.994526207447052,0.01700697438919165,1,1
57,melan,2,148,0.07454195618629456,0.3315354585647583,0.994526207447052,0.02457802614013519,1,1
57,melan,0,10,0.05722225084900856,0.4323197603225708,0.994526207447052,0.024602897396358025,1,1
57,melan,0,23,0.05866697058081627,0.4323197603225708,0.994526207447052,0.025224059458331945,1,1
57,melan,0,21,0.061907172203063965,0.4323197603225708,0.994526207447052,0.026617194940996274,1,1
57,melan,0,22,0.06275800615549088,0.4323197603225708,0.994526207447052,0.026983013833512974,1,1
57,melan,0,8,0.06858209520578384,0.4323197603225708,0.994526207447052,0.029487100324442975,1,1
57,melan,0,9,0.06883356720209122,0.4323197603225708,0.994526207447052,0.029595221547068996,1,1
57,melan,0,18,0.07601583003997803,0.4323197603225708,0.994526207447052,0.032683259382918405,1,1
57,melan,0,5,0.07789362967014313,0.4323197603225708,0.994526207447052,0.03349062559005654,1,1
57,melan,0,7,0.07817987352609634,0.4323197603225708,0.994526207447052,0.03361369708958454,1,1
57,melan,0,16,0.08254586160182953,0.4323197603225708,0.994526207447052,0.035490868208637914,1,1
57,melan,0,6,0.08765405416488647,0.4323197603225708,0.994526207447052,0.037687152619772825,1,1
57,melan,2,101,0.13024777173995972,0.3315354585647583,0.994526207447052,0.04294538676337658,1,1
61,melan,0,17,0.009554609656333923,1.0,0.7723345756530762,0.007379355394455445,1,0
61,melan,0,90,0.009566368535161018,1.0,0.7723345756530762,0.007388437183144525,1,0
61,melan,0,19,0.009578553959727287,1.0,0.7723345756530762,0.007397848407856067,1,0
61,h&e,0,218,0.10901936143636703,1.0,0.06871920078992844,0.007491723388535487,1,0
61,melan,0,144,0.009898405522108078,1.0,0.7723345756530762,0.007644880828559408,1,0
61,melan,0,154,0.010017948225140572,1.0,0.7723345756530762,0.007737207791378431,1,0
61,melan,0,120,0.010248255915939808,1.0,0.7723345756530762,0.007915082384021499,1,0
61,melan,0,104,0.01047440804541111,1.0,0.7723345756530762,0.008089747492969757,1,0
61,melan,0,215,0.010658921673893929,1.0,0.7723345756530762,0.008232253747926244,1,0
61,melan,0,14,0.01073235459625721,1.0,0.7723345756530762,0.008288968532858654,1,0
61,melan,0,106,0.010749232955276966,1.0,0.7723345756530762,0.008302004273109898,1,0
61,melan,0,10,0.010919304564595222,1.0,0.7723345756530762,0.008433356457323349,1,0
61,melan,0,18,0.010941427201032639,1.0,0.7723345756530762,0.008450442534348568,1,0
61,melan,0,22,0.011175240390002728,1.0,0.7723345756530762,0.008631024544433874,1,0
61,melan,0,88,0.011441036127507687,1.0,0.7723345756530762,0.008836307782570163,1,0
61,melan,0,75,0.011684938333928585,1.0,0.7723345756530762,0.009024681889667097,1,0
61,melan,0,241,0.011746952310204506,1.0,0.7723345756530762,0.00907257742771872,1,0
61,melan,0,138,0.011865808628499508,1.0,0.7723345756530762,0.009164374271872777,1,0
61,melan,0,15,0.011931180022656918,1.0,0.7723345756530762,0.00921486285983919,1,0
61,melan,0,182,0.012053288519382477,1.0,0.7723345756530762,0.00930917147384136,1,0
61,melan,0,65,0.01207268238067627,1.0,0.7723345756530762,0.009324150023473976,1,0
61,melan,0,66,0.012121803127229214,1.0,0.7723345756530762,0.009362087674418706,1,0
61,melan,0,197,0.01232144981622696,1.0,0.7723345756530762,0.009516281715246322,1,0
61,melan,0,112,0.012323451228439808,1.0,0.7723345756530762,0.00951782747509844,1,0
61,melan,0,216,0.0125331562012434,1.0,0.7723345756530762,0.009679789876281042,1,0
61,melan,0,161,0.013126918114721775,1.0,0.7723345756530762,0.01013837273176632,1,0
61,melan,0,237,0.013572629541158676,1.0,0.7723345756530762,0.010482611077167192,1,0
61,melan,0,198,0.01377134770154953,1.0,0.7723345756530762,0.010636087983247222,1,0
61,melan,0,186,0.013818491250276566,1.0,0.7723345756530762,0.010672498575948097,1,0
61,melan,0,217,0.013895896263420582,1.0,0.7723345756530762,0.010732281143928102,1,0
61,melan,0,21,0.014430874958634377,1.0,0.7723345756530762,0.011145463687479484,1,0
61,melan,0,226,0.014478947967290878,1.0,0.7723345756530762,0.01118259213422057,1,0
61,melan,0,238,0.014993598684668541,1.0,0.7723345756530762,0.011580074677635999,1,0
61,melan,0,132,0.01510514598339796,1.0,0.7723345756530762,0.011666226513265432,1,0
61,melan,0,228,0.015135573223233223,1.0,0.7723345756530762,0.011689726522631894,1,0
61,melan,0,160,0.015171520411968231,1.0,0.7723345756530762,0.011717489779389467,1,0
61,melan,0,105,0.015814801678061485,1.0,0.7723345756530762,0.012214318143063174,1,0
61,melan,0,224,0.01625516451895237,1.0,0.7723345756530762,0.012554425590916019,1,0
61,melan,0,230,0.01640438474714756,1.0,0.7723345756530762,0.012669673532538006,1,0
61,melan,0,64,0.017104821279644966,1.0,0.7723345756530762,0.013210644884636302,1,0
68,melan,2,3,0.01215165015310049,0.698610782623291,0.7989172339439392,0.006782227161360751,1,1
68,h&e,0,109,0.04848027601838112,0.8162093758583069,0.17256176471710205,0.006828278664048301,1,1
68,melan,0,63,0.04633576422929764,0.20724929869174957,0.7989172339439392,0.007672045851094924,1,1
68,melan,0,150,0.048107512295246124,0.20724929869174957,0.7989172339439392,0.007965403101690369,1,1
68,melan,2,6,0.014399372972548008,0.698610782623291,0.7989172339439392,0.008036753630210553,1,1
68,melan,0,139,0.0516015999019146,0.20724929869174957,0.7989172339439392,0.008543936784515727,1,1
68,melan,2,0,0.016011422500014305,0.698610782623291,0.7989172339439392,0.008936490369903563,1,1
68,melan,1,5,0.12702614068984985,0.09413991868495941,0.7989172339439392,0.0095536364781894,1,1
68,melan,0,3,0.06252450495958328,0.20724929869174957,0.7989172339439392,0.010352497187553263,1,1
68,melan,1,11,0.14077019691467285,0.09413991868495941,0.7989172339439392,0.010587326994130952,1,1
68,melan,1,22,0.14268632233142853,0.09413991868495941,0.7989172339439392,0.01073143879331565,1,1
68,melan,2,10,0.021857600659132004,0.698610782623291,0.7989172339439392,0.012199430612698927,1,1
68,melan,1,20,0.1627921760082245,0.09413991868495941,0.7989172339439392,0.01224360011750146,1,1
68,h&e,0,44,0.11373750865459442,0.8162093758583069,0.17256176471710205,0.01601953345632189,1,1
68,melan,2,2,0.034646328538656235,0.698610782623291,0.7989172339439392,0.019337231363293284,1,1
68,melan,2,7,0.038906387984752655,0.698610782623291,0.7989172339439392,0.02171490768875552,1,1
68,melan,2,8,0.04242702201008797,0.698610782623291,0.7989172339439392,0.023679886881786977,1,1
68,melan,2,11,0.04603959992527962,0.698610782623291,0.7989172339439392,0.02569618291979407,1,1
68,melan,2,14,0.049309175461530685,0.698610782623291,0.7989172339439392,0.02752103828747635,1,1
68,melan,2,5,0.06386926770210266,0.698610782623291,0.7989172339439392,0.03564749451537633,1,1
68,h&e,0,45,0.26079025864601135,0.8162093758583069,0.17256176471710205,0.03673140306026791,1,1
68,melan,2,9,0.0736696720123291,0.698610782623291,0.7989172339439392,0.04111741567568683,1,1
68,melan,2,12,0.13269683718681335,0.698610782623291,0.7989172339439392,0.07406237688347547,1,1
68,melan,2,13,0.14778034389019012,0.698610782623291,0.7989172339439392,0.08248096757390175,1,1
68,melan,2,4,0.2953051030635834,0.698610782623291,0.7989172339439392,0.16481928508905028,1,1
75,sox10,0,76,0.2160693109035492,1.0,0.01627633534371853,0.003516816561752345,1,1
75,melan,0,134,0.003815175499767065,1.0,0.9756242036819458,0.0037221775588671124,1,1
75,melan,0,108,0.0038524556439369917,1.0,0.9756242036819458,0.0037585489698360453,1,1
75,melan,0,87,0.004207271616905928,1.0,0.9756242036819458,0.004104716020917498,1,1
75,melan,0,8,0.004447274375706911,1.0,0.9756242036819458,0.004338868521354178,1,1
75,sox10,0,0,0.2691637873649597,1.0,0.01627633534371853,0.004381000065537433,1,1
75,melan,0,156,0.005074881017208099,1.0,0.9756242036819458,0.004951176751194275,1,1
75,melan,0,121,0.00561026344075799,1.0,0.9756242036819458,0.005473508801835447,1,1
75,melan,0,44,0.005659385118633509,1.0,0.9756242036819458,0.005521433099696271,1,1
75,melan,0,123,0.00571881840005517,1.0,0.9756242036819458,0.005579417647555485,1,1
75,melan,0,125,0.006461210083216429,1.0,0.9756242036819458,0.006303712942259787,1,1
75,melan,0,130,0.007038290146738291,1.0,0.9756242036819458,0.00686672621969403,1,1
75,melan,0,100,0.00745723070576787,1.0,0.9756242036819458,0.007275454768987333,1,1
75,melan,0,105,0.007797065190970898,1.0,0.9756242036819458,0.007607005517997201,1,1
75,melan,0,27,0.007899610325694084,1.0,0.9756242036819458,0.007707051033402967,1,1
75,melan,0,137,0.008096788078546524,1.0,0.9756242036819458,0.007899422421513425,1,1
75,melan,0,165,0.00935846846550703,1.0,0.9756242036819458,0.009130348344342898,1,1
75,melan,0,49,0.010629292577505112,1.0,0.9756242036819458,0.010370195106630842,1,1
75,melan,0,109,0.012160167098045349,1.0,0.9756242036819458,0.011863753341669891,1,1
75,melan,0,118,0.013224788941442966,1.0,0.9756242036819458,0.012902424179857097,1,1
75,melan,0,154,0.013738803565502167,1.0,0.9756242036819458,0.013403909288135729,1,1
75,melan,0,136,0.017503248527646065,1.0,0.9756242036819458,0.017076592906631882,1,1
75,melan,0,135,0.018259817734360695,1.0,0.9756242036819458,0.017814720136463125,1,1
75,melan,0,131,0.020144058391451836,1.0,0.9756242036819458,0.019653030927082815,1,1
75,melan,0,119,0.022573739290237427,1.0,0.9756242036819458,0.022023486419161742,1,1
75,melan,0,129,0.02335258759558201,1.0,0.9756242036819458,0.022783349676852582,1,1
75,melan,0,107,0.03140396997332573,1.0,0.9756242036819458,0.03063847319767765,1,1
75,melan,0,120,0.031502917408943176,1.0,0.9756242036819458,0.030735008710758294,1,1
75,melan,0,140,0.03955613449215889,1.0,0.9756242036819458,0.038591922214648466,1,1
75,melan,0,155,0.042613252997398376,1.0,0.9756242036819458,0.04157452102188408,1,1
75,melan,0,111,0.045399848371744156,1.0,0.9756242036819458,0.044293190914963976,1,1
75,melan,0,153,0.0478426031768322,1.0,0.9756242036819458,0.046676401626468245,1,1
75,melan,0,113,0.053539201617240906,1.0,0.9756242036819458,0.0522341409435878,1,1
75,melan,0,110,0.07799577713012695,1.0,0.9756242036819458,0.07609456795313463,1,1
75,melan,0,141,0.09221985191106796,1.0,0.9756242036819458,0.08997191958440265,1,1
75,melan,0,89,0.1490556001663208,1.0,0.9756242036819458,0.14542225121660124,1,1
85,melan,0,138,0.005089965648949146,1.0,0.6770475506782532,0.003446148775657465,0,0
85,melan,0,76,0.005568277090787888,1.0,0.6770475506782532,0.0037699883658157685,0,0
85,melan,0,41,0.006138079334050417,1.0,0.6770475506782532,0.004155771578987638,0,0
85,melan,0,117,0.006968317087739706,1.0,0.6770475506782532,0.004717882016603586,0,0
85,melan,0,40,0.007085791323333979,1.0,0.6770475506782532,0.0047974176600804885,0,0
85,melan,0,38,0.007270338945090771,1.0,0.6770475506782532,0.004922365175374421,0,0
85,sox10,0,122,0.01860683783888817,1.0,0.26606324315071106,0.004950595620193954,0,0
85,sox10,0,100,0.023468485102057457,1.0,0.26606324315071106,0.006244101258087553,0,0
85,sox10,0,111,0.02447371929883957,1.0,0.26606324315071106,0.006511557128609402,0,0
85,h&e,2,59,0.571580171585083,0.2780435383319855,0.056889187544584274,0.009041067102957835,0,0
85,sox10,0,104,0.037604719400405884,1.0,0.26606324315071106,0.010005233601444452,0,0
85,sox10,0,108,0.04120754078030586,1.0,0.26606324315071106,0.01096381194227336,0,0
85,melan,0,123,0.01620589755475521,1.0,0.6770475506782532,0.010972163245989708,0,0
85,melan,0,17,0.01726817712187767,1.0,0.6770475506782532,0.011691377025045524,0,0
85,sox10,0,107,0.0491325706243515,1.0,0.26606324315071106,0.013072371084646317,0,0
85,melan,0,118,0.020339271053671837,1.0,0.6770475506782532,0.01377065364946961,0,0
85,h&e,1,22,0.5004207491874695,0.5513914227485657,0.056889187544584274,0.01569730317850394,0,0
85,sox10,0,110,0.07086000591516495,1.0,0.26606324315071106,0.018853242983467355,0,0
85,melan,0,120,0.03414899855852127,1.0,0.6770475506782532,0.023120495832162025,0,0
85,melan,0,164,0.036195237189531326,1.0,0.6770475506782532,0.024505896685390605,0,0
85,melan,0,33,0.04078294336795807,1.0,0.6770475506782532,0.02761199191672592,0,0
85,melan,0,137,0.044043704867362976,1.0,0.6770475506782532,0.02981968250324396,0,0
85,sox10,0,121,0.19126929342746735,1.0,0.26606324315071106,0.050889728524456945,0,0
85,sox10,0,124,0.31925168633461,1.0,0.26606324315071106,0.08494113904751988,0,0
85,melan,0,5,0.1291453093290329,1.0,0.6770475506782532,0.08743751536280708,0,0
85,melan,0,163,0.1530914604663849,1.0,0.6770475506782532,0.10365019833852251,0,0
85,melan,0,115,0.15373048186302185,1.0,0.6770475506782532,0.10408284620994657,0,0
85,melan,0,114,0.18236683309078217,1.0,0.6770475506782532,0.12347101766906388,0,0
87,melan,1,214,0.010441098362207413,0.48534998297691345,0.9814339280128479,0.004973501728941665,1,1
87,melan,1,49,0.010509778745472431,0.48534998297691345,0.9814339280128479,0.005006216869922362,1,1
87,melan,0,151,0.010606031864881516,0.5146500468254089,0.9814339280128479,0.005357053845178205,1,1
87,melan,0,150,0.010757653042674065,0.5146500468254089,0.9814339280128479,0.005433636946554084,1,1
87,melan,0,213,0.010954792611300945,0.5146500468254089,0.9814339280128479,0.0055332111603225995,1,1
87,melan,1,98,0.012024224735796452,0.48534998297691345,0.9814339280128479,0.005727606468025228,1,1
87,melan,0,180,0.011658972129225731,0.5146500468254089,0.9814339280128479,0.005888888725905404,1,1
87,melan,0,231,0.011701292358338833,0.5146500468254089,0.9814339280128479,0.005910264462749062,1,1
87,melan,0,167,0.011745375581085682,0.5146500468254089,0.9814339280128479,0.005932530678892143,1,1
87,melan,0,215,0.011746293865144253,0.5146500468254089,0.9814339280128479,0.005932994499594325,1,1
87,melan,1,99,0.012544740922749043,0.48534998297691345,0.9814339280128479,0.005975548596903278,1,1
87,melan,1,83,0.012546422891318798,0.48534998297691345,0.9814339280128479,0.005976349784029336,1,1
87,melan,1,55,0.01271157618612051,0.48534998297691345,0.9814339280128479,0.00605501872945464,1,1
87,melan,0,134,0.012168843299150467,0.5146500468254089,0.9814339280128479,0.006146422113150354,1,1
87,melan,1,117,0.013240723870694637,0.48534998297691345,0.9814339280128479,0.006307072376762538,1,1
87,melan,0,175,0.013405803591012955,0.5146500468254089,0.9814339280128479,0.006771204592806682,1,1
87,melan,1,126,0.014469139277935028,0.48534998297691345,0.9814339280128479,0.006892214470039113,1,1
87,melan,0,153,0.013791443780064583,0.5146500468254089,0.9814339280128479,0.006965989530654627,1,1
87,melan,0,181,0.013890138827264309,0.5146500468254089,0.9814339280128479,0.007015839907198564,1,1
87,melan,1,47,0.01490376889705658,0.48534998297691345,0.9814339280128479,0.007099245482214473,1,1
87,melan,1,184,0.014999470673501492,0.48534998297691345,0.9814339280128479,0.007144831964986668,1,1
87,melan,0,176,0.014153971336781979,0.5146500468254089,0.9814339280128479,0.007149100393080617,1,1
87,melan,0,152,0.0143737206235528,0.5146500468254089,0.9814339280128479,0.007260094662819589,1,1
87,melan,0,233,0.01441250741481781,0.5146500468254089,0.9814339280128479,0.00727968567781327,1,1
87,melan,1,48,0.016545243561267853,0.48534998297691345,0.9814339280128479,0.007881143784218662,1,1
87,melan,1,77,0.017256099730730057,0.48534998297691345,0.9814339280128479,0.008219752258653307,1,1
87,melan,1,133,0.017794042825698853,0.48534998297691345,0.9814339280128479,0.008475995502427702,1,1
87,melan,0,137,0.017665378749370575,0.5146500468254089,0.9814339280128479,0.00892269477986357,1,1
87,melan,0,138,0.017923671752214432,0.5146500468254089,0.9814339280128479,0.009053157288527998,1,1
87,melan,1,51,0.01909521222114563,0.48534998297691345,0.9814339280128479,0.00909579315334576,1,1
87,melan,1,115,0.019482310861349106,0.48534998297691345,0.9814339280128479,0.009280183309394048,1,1
87,melan,1,58,0.019532479345798492,0.48534998297691345,0.9814339280128479,0.009304080512110817,1,1
87,melan,1,44,0.019927728921175003,0.48534998297691345,0.9814339280128479,0.009492353275981509,1,1
87,melan,1,65,0.02039964869618416,0.48534998297691345,0.9814339280128479,0.009717147041494276,1,1
87,melan,1,140,0.02066115103662014,0.48534998297691345,0.9814339280128479,0.009841710789211493,1,1
87,melan,1,111,0.020901713520288467,0.48534998297691345,0.9814339280128479,0.009956300067746934,1,1
87,melan,0,141,0.020773420110344887,0.5146500468254089,0.9814339280128479,0.010492550983946013,1,1
87,melan,0,177,0.020899835973978043,0.5146500468254089,0.9814339280128479,0.010556403006737864,1,1
87,melan,0,274,0.021389903500676155,0.5146500468254089,0.9814339280128479,0.010803933672470447,1,1
87,melan,1,167,0.022838864475488663,0.48534998297691345,0.9814339280128479,0.01087904050085902,1,1
87,melan,1,59,0.023051723837852478,0.48534998297691345,0.9814339280128479,0.010980433703950543,1,1
87,melan,0,194,0.02229251153767109,0.5146500468254089,0.9814339280128479,0.011259836494267832,1,1
87,melan,0,211,0.022348439320921898,0.5146500468254089,0.9814339280128479,0.011288085338900111,1,1
87,melan,1,41,0.024709602817893028,0.48534998297691345,0.9814339280128479,0.011770146020372442,1,1
87,melan,0,218,0.023561015725135803,0.5146500468254089,0.9814339280128479,0.011900551638409858,1,1
87,melan,0,178,0.02427995391190052,0.5146500468254089,0.9814339280128479,0.012263683734081382,1,1
87,melan,1,3,0.025859970599412918,0.48534998297691345,0.9814339280128479,0.012318110990323974,1,1
87,melan,0,162,0.024612896144390106,0.5146500468254089,0.9814339280128479,0.012431851196663344,1,1
87,melan,0,144,0.026109891012310982,0.5146500468254089,0.9814339280128479,0.013187975844936512,1,1
87,melan,0,161,0.0270168948918581,0.5146500468254089,0.9814339280128479,0.013646098984902558,1,1
87,melan,1,19,0.029023796319961548,0.48534998297691345,0.9814339280128479,0.013825164381198459,1,1
87,melan,0,195,0.02802201732993126,0.5146500468254089,0.9814339280128479,0.014153781319856099,1,1
87,melan,0,169,0.029798688367009163,0.5146500468254089,0.9814339280128479,0.01505116900754633,1,1
87,melan,0,193,0.029981128871440887,0.5146500468254089,0.9814339280128479,0.015143318797235194,1,1
87,melan,0,196,0.02999667078256607,0.5146500468254089,0.9814339280128479,0.015151168939099303,1,1
87,melan,0,197,0.030226700007915497,0.5146500468254089,0.9814339280128479,0.015267355554589475,1,1
87,melan,1,218,0.03282633796334267,0.48534998297691345,0.9814339280128479,0.01563646303787833,1,1
87,melan,0,159,0.03401951864361763,0.5146500468254089,0.9814339280128479,0.01718308934789716,1,1
87,melan,1,45,0.0371520109474659,0.48534998297691345,0.9814339280128479,0.01769694952302095,1,1
87,melan,1,132,0.037162620574235916,0.48534998297691345,0.9814339280128479,0.01770200330139307,1,1
87,melan,1,107,0.03891713544726372,0.48534998297691345,0.9814339280128479,0.01853774705667102,1,1
87,melan,0,139,0.03935714066028595,0.5146500468254089,0.9814339280128479,0.01987909563118776,1,1
87,melan,1,56,0.04233688861131668,0.48534998297691345,0.9814339280128479,0.020166708654766274,1,1
87,melan,1,20,0.043172623962163925,0.48534998297691345,0.9814339280128479,0.020564801946121654,1,1
87,melan,0,163,0.0426533967256546,0.5146500468254089,0.9814339280128479,0.021544018144587392,1,1
87,melan,0,160,0.04335279390215874,0.5146500468254089,0.9814339280128479,0.021897280173348996,1,1
87,melan,1,108,0.04668155685067177,0.48534998297691345,0.9814339280128479,0.02223624331965589,1,1
93,melan,0,8,0.023382769897580147,1.0,0.3107277750968933,0.007265676065877691,0,0
93,melan,0,146,0.02350291609764099,1.0,0.3107277750968933,0.007303008827308943,0,0
93,melan,0,69,0.023525215685367584,1.0,0.3107277750968933,0.0073099379285888055,0,0
93,h&e,1,50,0.02978694438934326,0.9239596128463745,0.26842525601387024,0.007387582074148123,0,0
93,melan,0,159,0.02569177746772766,1.0,0.3107277750968933,0.007983148850831512,0,0
93,melan,0,25,0.027476033195853233,1.0,0.3107277750968933,0.008537566663435858,0,0
93,sox10,0,127,0.021944560110569,1.0,0.42084693908691406,0.009235300952141756,0,0
93,sox10,0,95,0.022646719589829445,1.0,0.42084693908691406,0.009530802619739376,0,0
93,melan,0,157,0.03132626414299011,1.0,0.3107277750968933,0.009733940359248905,0,0
93,h&e,1,89,0.04027311131358147,0.9239596128463745,0.26842525601387024,0.009988299280433379,0,0
93,melan,0,147,0.03495333716273308,1.0,0.3107277750968933,0.010860972688787607,0,0
93,sox10,0,128,0.026027018204331398,1.0,0.42084693908691406,0.01095339094485226,0,0
93,melan,0,148,0.037115536630153656,1.0,0.3107277750968933,0.01153282811861489,0,0
93,h&e,1,35,0.053066905587911606,0.9239596128463745,0.26842525601387024,0.013161340596990659,0,0
93,sox10,0,125,0.03216143324971199,1.0,0.42084693908691406,0.013535040739789395,0,0
93,h&e,1,84,0.06526612490415573,0.9239596128463745,0.26842525601387024,0.016186918943037105,0,0
93,sox10,0,25,0.038715261965990067,1.0,0.42084693908691406,0.016293199494334942,0,0
93,h&e,1,29,0.07305631786584854,0.9239596128463745,0.26842525601387024,0.018118996605173753,0,0
93,melan,0,18,0.061626989394426346,1.0,0.3107277750968933,0.01914921730044994,0,0
93,sox10,0,97,0.049117594957351685,1.0,0.42084693908691406,0.0206709894931123,0,0
93,sox10,0,106,0.05319930613040924,1.0,0.42084693908691406,0.02238876514653043,0,0
93,sox10,0,94,0.06157024949789047,1.0,0.42084693908691406,0.025911651040004813,0,0
93,melan,0,34,0.08889979869127274,1.0,0.3107277750968933,0.027623636653900885,0,0
93,melan,0,66,0.09063839167356491,1.0,0.3107277750968933,0.028163865783087605,0,0
93,sox10,0,8,0.08078287541866302,1.0,0.42084693908691406,0.033997225850583845,0,0
93,h&e,1,95,0.14567965269088745,0.9239596128463745,0.26842525601387024,0.03613060731306024,0,0
93,sox10,0,126,0.09207556396722794,1.0,0.42084693908691406,0.038749719260309234,0,0
93,sox10,0,131,0.11313556134700775,1.0,0.42084693908691406,0.047612754694768,0,0
93,sox10,0,9,0.12209261953830719,1.0,0.42084693908691406,0.05138230521779974,0,0
93,sox10,0,124,0.12330672889947891,1.0,0.42084693908691406,0.05189325942616563,0,0
93,melan,0,53,0.1977079212665558,1.0,0.3107277750968933,0.061433342494188636,0,0
100,melan,0,53,0.011822111904621124,1.0,0.9974059462547302,0.011791444710957943,1,1
100,melan,0,101,0.01195545680820942,1.0,0.9974059462547302,0.011924443710699673,1,1
100,melan,0,63,0.011987967416644096,1.0,0.9974059462547302,0.011956869984868779,1,1
100,melan,0,151,0.012112019583582878,1.0,0.9974059462547302,0.012080600353819304,1,1
100,melan,0,85,0.012198318727314472,1.0,0.9974059462547302,0.012166675632933888,1,1
100,melan,0,159,0.012309281155467033,1.0,0.9974059462547302,0.012277350218584115,1,1
100,melan,0,47,0.01257242076098919,1.0,0.9974059462547302,0.012539807225827038,1,1
100,melan,0,32,0.013005427084863186,1.0,0.9974059462547302,0.012971690308024864,1,1
100,melan,0,107,0.013127263635396957,1.0,0.9974059462547302,0.013093210807998412,1,1
100,melan,0,6,0.013158746063709259,1.0,0.9974059462547302,0.01312461156919964,1,1
100,melan,0,110,0.013704769313335419,1.0,0.9974059462547302,0.013669218405170103,1,1
100,melan,0,118,0.013902445323765278,1.0,0.9974059462547302,0.013866381633404756,1,1
100,melan,0,149,0.013941959477961063,1.0,0.9974059462547302,0.013905793285760859,1,1
100,melan,0,5,0.013949675485491753,1.0,0.9974059462547302,0.013913489277553315,1,1
100,melan,0,26,0.014059902168810368,1.0,0.9974059462547302,0.014023430026931238,1,1
100,melan,0,73,0.014089241623878479,1.0,0.9974059462547302,0.014052693373876046,1,1
100,melan,0,40,0.01426878571510315,1.0,0.9974059462547302,0.014231771718078434,1,1
100,melan,0,132,0.014591124840080738,1.0,0.9974059462547302,0.014553274678041628,1,1
100,melan,0,86,0.014645352028310299,1.0,0.9974059462547302,0.014607361198030466,1,1
100,melan,0,51,0.014760596677660942,1.0,0.9974059462547302,0.014722306896566839,1,1
100,melan,0,41,0.014763574115931988,1.0,0.9974059462547302,0.014725276611202986,1,1
100,melan,0,116,0.01507535483688116,1.0,0.9974059462547302,0.015036248556205278,1,1
100,melan,0,136,0.01628529280424118,1.0,0.9974059462547302,0.016243047879449524,1,1
100,melan,0,64,0.016841724514961243,1.0,0.9974059462547302,0.016798036176406406,1,1
100,melan,0,76,0.017152275890111923,1.0,0.9974059462547302,0.017107781964599278,1,1
100,melan,0,106,0.01739676296710968,1.0,0.9974059462547302,0.01735163482897928,1,1
100,melan,0,150,0.017497340217232704,1.0,0.9974059462547302,0.017451951176309932,1,1
100,melan,0,10,0.017957650125026703,1.0,0.9974059462547302,0.017911067015463633,1,1
100,melan,0,165,0.019178103655576706,1.0,0.9974059462547302,0.019128354623961785,1,1
100,melan,0,50,0.020633338019251823,1.0,0.9974059462547302,0.020579814031485566,1,1
100,melan,0,164,0.022808533161878586,1.0,0.9974059462547302,0.022749366601005905,1,1
104,melan,2,2,0.0031434486154466867,0.17747342586517334,0.9528172612190247,0.0005315563548038311,1,1
104,melan,0,132,0.003252749564126134,0.17369766533374786,0.9528172612190247,0.0005383369934609757,1,1
104,melan,0,124,0.003260768949985504,0.17369766533374786,0.9528172612190247,0.0005396642189321739,1,1
104,melan,2,10,0.0032079184893518686,0.17747342586517334,0.9528172612190247,0.0005424581939493173,1,1
104,melan,2,11,0.00321909855119884,0.17747342586517334,0.9528172612190247,0.0005443487395407594,1,1
104,melan,0,52,0.0033218362368643284,0.17369766533374786,0.9528172612190247,0.0005497709852137634,1,1
104,melan,2,23,0.0032549637835472822,0.17747342586517334,0.9528172612190247,0.0005504135411340316,1,1
104,melan,5,20,0.05136935040354729,0.011250665411353111,0.9528172612190247,0.0005506706112841468,1,1
104,melan,5,111,0.051714979112148285,0.011250665411353111,0.9528172612190247,0.0005543756916627673,1,1
104,melan,5,65,0.05182747542858124,0.011250665411353111,0.9528172612190247,0.0005555816328485268,1,1
104,melan,0,85,0.0033728943672031164,0.17369766533374786,0.9528172612190247,0.0005582212147308047,1,1
104,melan,2,29,0.0033022197894752026,0.17747342586517334,0.9528172612190247,0.0005584045196186804,1,1
104,melan,0,16,0.0034533250145614147,0.17369766533374786,0.9528172612190247,0.0005715326584885779,1,1
104,melan,5,67,0.053370214998722076,0.011250665411353111,0.9528172612190247,0.0005721195360041609,1,1
104,melan,8,79,0.00861701462417841,0.06983043253421783,0.9528172612190247,0.0005733385956363429,1,1
104,h&e,6,244,0.020642874762415886,0.6350340247154236,0.043909311294555664,0.0005756039933554689,1,1
104,melan,0,36,0.003485307330265641,0.17369766533374786,0.9528172612190247,0.0005768257999803234,1,1
104,melan,2,12,0.0034141179639846087,0.17747342586517334,0.9528172612190247,0.0005773264722343973,1,1
104,melan,0,94,0.003603497054427862,0.17369766533374786,0.9528172612190247,0.0005963864515180834,1,1
104,melan,0,50,0.00366193731315434,0.17369766533374786,0.9528172612190247,0.0006060584390350029,1,1
104,melan,0,18,0.003665268886834383,0.17369766533374786,0.9528172612190247,0.0006066098215878402,1,1
104,melan,2,30,0.0036370728630572557,0.17747342586517334,0.9528172612190247,0.0006150280884957058,1,1
104,melan,1,0,0.09820979833602905,0.006745231803506613,0.9528172612190247,0.0006311917510464925,1,1
104,melan,0,129,0.003843616461381316,0.17369766533374786,0.9528172612190247,0.0006361267257268919,1,1
104,melan,5,70,0.060154028236866,0.011250665411353111,0.9528172612190247,0.0006448408484860146,1,1
104,melan,0,41,0.003907117061316967,0.17369766533374786,0.9528172612190247,0.0006466362105115007,1,1
104,h&e,6,106,0.02330666035413742,0.6350340247154236,0.043909311294555664,0.0006498807421942161,1,1
104,melan,0,15,0.004012962803244591,0.17369766533374786,0.9528172612190247,0.0006641539066502968,1,1
104,melan,1,18,0.10366267710924149,0.006745231803506613,0.9528172612190247,0.0006662372572935565,1,1
104,melan,1,17,0.10378267616033554,0.006745231803506613,0.9528172612190247,0.00066700848799016,1,1
104,melan,8,105,0.010180681943893433,0.06983043253421783,0.9528172612190247,0.0006773782038101928,1,1
104,melan,0,107,0.00417295703664422,0.17369766533374786,0.9528172612190247,0.0006906332936677815,1,1
104,melan,0,125,0.004182183183729649,0.17369766533374786,0.9528172612190247,0.0006921602406968352,1,1
104,melan,0,37,0.004213049542158842,0.17369766533374786,0.9528172612190247,0.0006972686888783739,1,1
104,melan,3,62,0.014580434188246727,0.05130826681852341,0.9528172612190247,0.0007127995514017577,1,1
104,melan,5,61,0.06682111322879791,0.011250665411353111,0.9528172612190247,0.0007163108542219054,1,1
104,melan,1,3,0.1126704216003418,0.006745231803506613,0.9528172612190247,0.0007241297905707702,1,1
104,melan,4,61,0.008910193108022213,0.08598598092794418,0.9528172612190247,0.0007300025593753922,1,1
104,melan,0,135,0.004418740514665842,0.17369766533374786,0.9528172612190247,0.0007313109837241595,1,1
104,melan,4,75,0.008940571919083595,0.08598598092794418,0.9528172612190247,0.0007324914627646604,1,1
104,melan,2,0,0.0043673887848854065,0.17747342586517334,0.9528172612190247,0.0007385243236034037,1,1
104,melan,5,62,0.06892963498830795,0.011250665411353111,0.9528172612190247,0.0007389138452485378,1,1
104,h&e,6,245,0.026549970731139183,0.6350340247154236,0.043909311294555664,0.0007403169060609081,1,1
104,melan,8,94,0.011189059354364872,0.06983043253421783,0.9528172612190247,0.0007444712416668194,1,1
104,melan,3,77,0.015270068310201168,0.05130826681852341,0.9528172612190247,0.0007465139721394285,1,1
104,melan,0,118,0.004531314130872488,0.17369766533374786,0.9528172612190247,0.0007499421574118261,1,1
104,melan,0,91,0.004552458878606558,0.17369766533374786,0.9528172612190247,0.0007534416582797043,1,1
104,melan,2,21,0.004476509988307953,0.17747342586517334,0.9528172612190247,0.0007569766911204256,1,1
104,h&e,6,247,0.02731568180024624,0.6350340247154236,0.043909311294555664,0.000761667922051034,1,1
104,melan,0,26,0.004615809302777052,0.17369766533374786,0.9528172612190247,0.00076392628865474,1,1
104,melan,0,133,0.004648684523999691,0.17369766533374786,0.9528172612190247,0.000769367207915032,1,1
104,melan,0,53,0.004701125901192427,0.17369766533374786,0.9528172612190247,0.0007780463677379231,1,1
104,melan,3,63,0.01603217050433159,0.05130826681852341,0.9528172612190247,0.0007837711686731471,1,1
104,melan,0,65,0.00488850986585021,0.17369766533374786,0.9528172612190247,0.0008090588137218393,1,1
104,melan,0,28,0.005027714651077986,0.17369766533374786,0.9528172612190247,0.0008320975027071176,1,1
104,melan,0,134,0.005122746340930462,0.17369766533374786,0.9528172612190247,0.000847825450152848,1,1
104,melan,7,29,0.0251885037869215,0.03595558553934097,0.9528172612190247,0.0008629355340431872,1,1
104,melan,0,120,0.0052598221227526665,0.17369766533374786,0.9528172612190247,0.0008705117845317147,1,1
104,melan,4,47,0.010970501229166985,0.08598598092794418,0.9528172612190247,0.0008988013927231733,1,1
104,melan,4,54,0.01098884642124176,0.08598598092794418,0.9528172612190247,0.0009003043946227351,1,1
104,h&e,23,19,0.1261550635099411,0.1686854511499405,0.043909311294555664,0.000934413144178174,1,1
104,melan,0,106,0.005826510954648256,0.17369766533374786,0.9528172612190247,0.0009642999953903463,1,1
104,melan,4,16,0.01191636361181736,0.08598598092794418,0.9528172612190247,0.0009762948826824438,1,1
104,melan,2,16,0.0061238654889166355,0.17747342586517334,0.9528172612190247,0.0010355440838452975,1,1
104,melan,1,15,0.16353124380111694,0.006745231803506613,0.9528172612190247,0.0010510109365306675,1,1
104,melan,4,3,0.013127835467457771,0.08598598092794418,0.9528172612190247,0.0010755494717252464,1,1
104,melan,4,2,0.013127835467457771,0.08598598092794418,0.9528172612190247,0.0010755494717252464,1,1
104,melan,3,60,0.022724293172359467,0.05130826681852341,0.9528172612190247,0.001110931661571295,1,1
104,melan,4,24,0.013956150971353054,0.08598598092794418,0.9528172612190247,0.0011434124720534281,1,1
104,melan,0,29,0.006913074757903814,0.17369766533374786,0.9528172612190247,0.0011441286232992602,1,1
104,melan,2,4,0.006965477950870991,0.17747342586517334,0.9528172612190247,0.0011778605353487887,1,1
104,melan,8,92,0.018744122236967087,0.06983043253421783,0.9528172612190247,0.00124715219695978,1,1
104,melan,0,117,0.007661784999072552,0.17369766533374786,0.9528172612190247,0.0012680417657832262,1,1
104,melan,6,1,0.0034794488456100225,0.3877526819705963,0.9528172612190247,0.0012855082925655,1,1
104,melan,0,38,0.007779676001518965,0.17369766533374786,0.9528172612190247,0.0012875529782396186,1,1
104,melan,6,30,0.0034866209607571363,0.3877526819705963,0.9528172612190247,0.0012881580839278538,1,1
104,melan,4,74,0.015827177092432976,0.08598598092794418,0.9528172612190247,0.001296703634263686,1,1
104,melan,8,6,0.019510840997099876,0.06983043253421783,0.9528172612190247,0.00129816632149766,1,1
104,melan,0,102,0.007950813509523869,0.17369766533374786,0.9528172612190247,0.001315876600981388,1,1
104,melan,3,74,0.02713526412844658,0.05130826681852341,0.9528172612190247,0.0013265725730936392,1,1
104,melan,4,73,0.016288690268993378,0.08598598092794418,0.9528172612190247,0.0013345149135468735,1,1
104,melan,3,75,0.027364419773221016,0.05130826681852341,0.9528172612190247,0.0013377753972816917,1,1
104,melan,4,38,0.01644415780901909,0.08598598092794418,0.9528172612190247,0.0013472522022613441,1,1
104,melan,7,37,0.04002687707543373,0.03595558553934097,0.9528172612190247,0.0013712848860480851,1,1
104,melan,8,96,0.021458985283970833,0.06983043253421783,0.9528172612190247,0.001427787351314359,1,1
104,melan,0,97,0.008697052486240864,0.17369766533374786,0.9528172612190247,0.001439380743925497,1,1
104,melan,3,49,0.030524440109729767,0.05130826681852341,0.9528172612190247,0.0014922605826474043,1,1
104,melan,8,95,0.022764019668102264,0.06983043253421783,0.9528172612190247,0.0015146186512120766,1,1
104,melan,0,71,0.009468290023505688,0.17369766533374786,0.9528172612190247,0.0015670222019812862,1,1
104,melan,1,16,0.2487136423587799,0.006745231803506613,0.9528172612190247,0.0015984759371203985,1,1
104,melan,0,116,0.009786494076251984,0.17369766533374786,0.9528172612190247,0.0016196856516829726,1,1
104,melan,2,32,0.00959453172981739,0.17747342586517334,0.9528172612190247,0.0016224328552056542,1,1
104,melan,2,31,0.00959453172981739,0.17747342586517334,0.9528172612190247,0.0016224328552056542,1,1
104,melan,8,109,0.025666330009698868,0.06983043253421783,0.9528172612190247,0.0017077257315555182,1,1
104,melan,0,9,0.010501386597752571,0.17369766533374786,0.9528172612190247,0.001738001889402846,1,1
104,melan,0,7,0.010651038028299809,0.17369766533374786,0.9528172612190247,0.001762769520479165,1,1
104,melan,2,5,0.010646779090166092,0.17747342586517334,0.9528172612190247,0.001800367614014946,1,1
104,melan,7,31,0.05652949959039688,0.03595558553934097,0.9528172612190247,0.0019366499229526186,1,1
104,melan,6,23,0.005349029786884785,0.3877526819705963,0.9528172612190247,0.001976238896828704,1,1
104,melan,7,35,0.05782296508550644,0.03595558553934097,0.9528172612190247,0.001980962889980392,1,1
104,melan,0,103,0.01219465397298336,0.17369766533374786,0.9528172612190247,0.0020182412530355617,1,1
104,h&e,6,243,0.07249067723751068,0.6350340247154236,0.043909311294555664,0.002021323278815952,1,1
104,melan,6,34,0.0055803959257900715,0.3877526819705963,0.9528172612190247,0.002061718840169979,1,1
104,melan,8,76,0.03150944039225578,0.06983043253421783,0.9528172612190247,0.0020965008290798224,1,1
104,melan,7,36,0.06135532632470131,0.03595558553934097,0.9528172612190247,0.0021019784158791866,1,1
104,melan,8,8,0.034113749861717224,0.06983043253421783,0.9528172612190247,0.0022697802302350475,1,1
104,melan,7,39,0.06716673076152802,0.03595558553934097,0.9528172612190247,0.0023010719163767367,1,1
104,melan,3,70,0.05104317143559456,0.05130826681852341,0.9528172612190247,0.002495368055002337,1,1
104,melan,4,13,0.030653981491923332,0.08598598092794418,0.9528172612190247,0.002511447807343543,1,1
104,melan,4,40,0.031174711883068085,0.08598598092794418,0.9528172612190247,0.0025541106894687317,1,1
104,melan,3,83,0.05357539653778076,0.05130826681852341,0.9528172612190247,0.00261916196220584,1,1
104,melan,3,73,0.053968459367752075,0.05130826681852341,0.9528172612190247,0.0026383777828912144,1,1
104,melan,4,51,0.03280869126319885,0.08598598092794418,0.9528172612190247,0.0026879808665794995,1,1
104,melan,8,7,0.04066243767738342,0.06983043253421783,0.9528172612190247,0.002705501374882968,1,1
104,melan,2,20,0.01619551330804825,0.17747342586517334,0.9528172612190247,0.0027386571474080678,1,1
104,melan,0,34,0.016620099544525146,0.17369766533374786,0.9528172612190247,0.002750661937979695,1,1
104,melan,8,18,0.04144458845257759,0.06983043253421783,0.9528172612190247,0.0027575422784422397,1,1
104,h&e,23,33,0.37502560019493103,0.1686854511499405,0.043909311294555664,0.002777762861637641,1,1
104,melan,3,64,0.05755156651139259,0.05130826681852341,0.9528172612190247,0.002813546583191428,1,1
104,melan,4,28,0.034850142896175385,0.08598598092794418,0.9528172612190247,0.0028552348080874783,1,1
104,melan,2,13,0.01700982078909874,0.17747342586517334,0.9528172612190247,0.002876356333642477,1,1
104,melan,7,41,0.08769705146551132,0.03595558553934097,0.9528172612190247,0.0030044222785355445,1,1
104,melan,4,25,0.03714091703295708,0.08598598092794418,0.9528172612190247,0.003042915474772017,1,1
104,melan,0,33,0.01844952255487442,0.17369766533374786,0.9528172612190247,0.003053435349748436,1,1
104,melan,3,79,0.06276827305555344,0.05130826681852341,0.9528172612190247,0.003068577814529512,1,1
104,melan,0,95,0.018706750124692917,0.17369766533374786,0.9528172612190247,0.0030960070614161816,1,1
104,melan,0,30,0.020005973055958748,0.17369766533374786,0.9528172612190247,0.0033110312287750686,1,1
104,melan,7,32,0.09940735995769501,0.03595558553934097,0.9528172612190247,0.0034056069379340076,1,1
104,melan,7,30,0.10084681957960129,0.03595558553934097,0.9528172612190247,0.0034549215327218195,1,1
104,melan,4,79,0.04258725792169571,0.08598598092794418,0.9528172612190247,0.003489128339051068,1,1
104,melan,4,30,0.043864212930202484,0.08598598092794418,0.9528172612190247,0.003593747892535031,1,1
104,melan,6,12,0.00981401652097702,0.3877526819705963,0.9528172612190247,0.0036258615030389735,1,1
104,melan,8,107,0.060642655938863754,0.06983043253421783,0.9528172612190247,0.004034898013760898,1,1
104,melan,0,119,0.02443845197558403,0.17369766533374786,0.9528172612190247,0.0040446159478345215,1,1
104,melan,3,50,0.08436685055494308,0.05130826681852341,0.9528172612190247,0.004124476161157029,1,1
104,melan,6,29,0.011246471665799618,0.3877526819705963,0.9528172612190247,0.004155092725886487,1,1
104,melan,0,66,0.026138804852962494,0.17369766533374786,0.9528172612190247,0.004326027977191463,1,1
104,melan,4,62,0.05357371270656586,0.08598598092794418,0.9528172612190247,0.004389236789472459,1,1
104,melan,4,11,0.054759785532951355,0.08598598092794418,0.9528172612190247,0.0044864104633053495,1,1
104,melan,4,39,0.05519725754857063,0.08598598092794418,0.9528172612190247,0.0045222520760723785,1,1
104,melan,2,19,0.027034135535359383,0.17747342586517334,0.9528172612190247,0.004571465386720291,1,1
104,melan,3,81,0.101231150329113,0.05130826681852341,0.9528172612190247,0.0049489279681836735,1,1
104,melan,7,34,0.1455761045217514,0.03595558553934097,0.9528172612190247,0.0049873066920565114,1,1
104,melan,4,32,0.06138467416167259,0.08598598092794418,0.9528172612190247,0.005029180479163841,1,1
104,melan,6,2,0.013644423335790634,0.3877526819705963,0.9528172612190247,0.005041033831425085,1,1
104,melan,8,106,0.07696878165006638,0.06983043253421783,0.9528172612190247,0.005121167260789798,1,1
104,melan,2,14,0.0307669285684824,0.17747342586517334,0.9528172612190247,0.0052026797314287864,1,1
104,melan,6,0,0.014113536104559898,0.3877526819705963,0.9528172612190247,0.005214351038017189,1,1
104,melan,8,81,0.0813087448477745,0.06983043253421783,0.9528172612190247,0.005409929496135852,1,1
104,melan,7,33,0.158448725938797,0.03595558553934097,0.9528172612190247,0.005428311149130364,1,1
104,melan,0,96,0.03344381973147392,0.17369766533374786,0.9528172612190247,0.005535023526758783,1,1
104,melan,4,63,0.06932492554187775,0.08598598092794418,0.9528172612190247,0.0056797167536711815,1,1
104,melan,3,68,0.11681017279624939,0.05130826681852341,0.9528172612190247,0.00571054590647554,1,1
104,melan,8,108,0.08923840522766113,0.06983043253421783,0.9528172612190247,0.005937534536206307,1,1
104,melan,6,7,0.017253223806619644,0.3877526819705963,0.9528172612190247,0.006374332045398865,1,1
104,melan,8,93,0.09622891992330551,0.06983043253421783,0.9528172612190247,0.006402652915735355,1,1
104,melan,8,80,0.09712366759777069,0.06983043253421783,0.9528172612190247,0.006462185526215943,1,1
104,melan,4,52,0.07925460487604141,0.08598598092794418,0.9528172612190247,0.006493244725493713,1,1
104,melan,4,31,0.081822469830513,0.08598598092794418,0.9528172612190247,0.00670362714551185,1,1
104,melan,3,71,0.1388968676328659,0.05130826681852341,0.9528172612190247,0.006790307041722013,1,1
104,melan,6,37,0.019237039610743523,0.3877526819705963,0.9528172612190247,0.0071072675706161164,1,1
104,melan,4,53,0.0880563035607338,0.08598598092794418,0.9528172612190247,0.007214358453196375,1,1
104,melan,6,35,0.021000491455197334,0.3877526819705963,0.9528172612190247,0.007758787989559899,1,1
104,melan,8,89,0.11821620911359787,0.06983043253421783,0.9528172612190247,0.007865591306351618,1,1
104,melan,2,17,0.04771288111805916,0.17747342586517334,0.9528172612190247,0.0080682359621457,1,1
104,melan,6,16,0.027494879439473152,0.3877526819705963,0.9528172612190247,0.010158188003575801,1,1
104,melan,0,32,0.06408020853996277,0.17369766533374786,0.9528172612190247,0.010605411245370072,1,1
104,melan,2,15,0.07192383706569672,0.17747342586517334,0.9528172612190247,0.012162302404524492,1,1
104,melan,6,28,0.03450851887464523,0.3877526819705963,0.9528172612190247,0.012749429333751875,1,1
104,melan,6,39,0.035220831632614136,0.3877526819705963,0.9528172612190247,0.013012598587820529,1,1
104,melan,0,89,0.08121771365404129,0.17369766533374786,0.9528172612190247,0.013441704909131939,1,1
104,melan,0,31,0.0880189761519432,0.17369766533374786,0.9528172612190247,0.014567328364819972,1,1
104,melan,2,22,0.093987837433815,0.17747342586517334,0.9528172612190247,0.015893319208946075,1,1
104,melan,2,26,0.10217463970184326,0.17747342586517334,0.9528172612190247,0.01727770537314442,1,1
104,melan,6,17,0.04913558438420296,0.3877526819705963,0.9528172612190247,0.018153507635451597,1,1
104,melan,2,18,0.10874303430318832,0.17747342586517334,0.9528172612190247,0.01838841921591166,1,1
104,melan,0,8,0.1116335466504097,0.17369766533374786,0.9528172612190247,0.018475590170223367,1,1
104,melan,6,5,0.05705207586288452,0.3877526819705963,0.9528172612190247,0.021078314377964594,1,1
104,melan,6,14,0.05860598385334015,0.3877526819705963,0.9528172612190247,0.02165241725926857,1,1
104,melan,0,67,0.13553066551685333,0.17369766533374786,0.9528172612190247,0.022430614333418353,1,1
104,melan,6,15,0.06474699825048447,0.3877526819705963,0.9528172612190247,0.023921260769427747,1,1
104,melan,6,4,0.07136686891317368,0.3877526819705963,0.9528172612190247,0.026367021293636887,1,1
104,melan,6,10,0.07252902537584305,0.3877526819705963,0.9528172612190247,0.026796388655052468,1,1
104,melan,6,6,0.0725785344839096,0.3877526819705963,0.9528172612190247,0.026814680163794544,1,1
104,melan,6,11,0.07310469448566437,0.3877526819705963,0.9528172612190247,0.02700907389552749,1,1
104,melan,6,3,0.07853197306394577,0.3877526819705963,0.9528172612190247,0.0290142223911711,1,1
104,melan,2,24,0.17261441051959991,0.17747342586517334,0.9528172612190247,0.02918905255569837,1,1
104,melan,6,13,0.08186497539281845,0.3877526819705963,0.9528172612190247,0.030245624927326156,1,1
104,melan,6,9,0.09151705354452133,0.3877526819705963,0.9528172612190247,0.033811657093644434,1,1
104,melan,2,25,0.21413002908229828,0.17747342586517334,0.9528172612190247,0.036209333008884126,1,1
107,sox10,0,114,0.009419727139174938,1.0,0.8278866410255432,0.007798466260628689,0,0
107,melan,0,178,0.05270333215594292,1.0,0.14933450520038605,0.00787042602991933,0,0
107,sox10,0,26,0.009595207870006561,1.0,0.8278866410255432,0.007943744413441589,0,0
107,sox10,0,118,0.009611125104129314,1.0,0.8278866410255432,0.007956922078933892,0,0
107,sox10,0,78,0.009644673205912113,1.0,0.8278866410255432,0.007984696104231637,0,0
107,sox10,0,1,0.010205255821347237,1.0,0.8278866410255432,0.008448794962741535,0,0
107,melan,0,179,0.056954652070999146,1.0,0.14933450520038605,0.0085052947858828,0,0
107,melan,0,180,0.05705167353153229,1.0,0.14933450520038605,0.008519783437685335,0,0
107,sox10,0,39,0.010361403226852417,1.0,0.8278866410255432,0.008578067313790072,0,0
107,sox10,0,24,0.010453131049871445,1.0,0.8278866410255432,0.00865400755307788,0,0
107,sox10,0,115,0.010768228210508823,1.0,0.8278866410255432,0.008914872282994646,0,0
107,sox10,0,120,0.010784966871142387,1.0,0.8278866410255432,0.008928729996521834,0,0
107,sox10,0,116,0.011261510662734509,1.0,0.8278866410255432,0.009323254235444611,0,0
107,sox10,0,122,0.011264724656939507,1.0,0.8278866410255432,0.009325915058311263,0,0
107,sox10,0,41,0.01137757021933794,1.0,0.8278866410255432,0.00941933839191994,0,0
107,sox10,0,80,0.011604606173932552,1.0,0.8278866410255432,0.009607298425761301,0,0
107,sox10,0,108,0.01166874822229147,1.0,0.8278866410255432,0.009660400770725663,0,0
107,sox10,0,66,0.011851099319756031,1.0,0.8278866410255432,0.00981136680829292,0,0
107,sox10,0,43,0.012237620539963245,1.0,0.8278866410255432,0.010131362562975366,0,0
107,sox10,0,31,0.012477072887122631,1.0,0.8278866410255432,0.010329601962350832,0,0
107,sox10,0,126,0.012905663810670376,1.0,0.8278866410255432,0.01068442666242081,0,0
107,sox10,0,45,0.013144494034349918,1.0,0.8278866410255432,0.010882151014078245,0,0
107,sox10,0,9,0.01349420752376318,1.0,0.8278866410255432,0.011171674140149912,0,0
107,sox10,0,119,0.013822602108120918,1.0,0.8278866410255432,0.01144354762952482,0,0
107,melan,0,176,0.07699115574359894,1.0,0.14933450520038605,0.011497436147776208,0,0
107,sox10,0,22,0.014578710310161114,1.0,0.8278866410255432,0.01206951950916374,0,0
107,sox10,0,3,0.014651676639914513,1.0,0.8278866410255432,0.012129927358811243,0,0
107,sox10,0,67,0.01465991884469986,1.0,0.8278866410255432,0.012136750970045629,0,0
107,sox10,0,74,0.014740662649273872,1.0,0.8278866410255432,0.012203597687198031,0,0
107,sox10,0,8,0.014886288903653622,1.0,0.8278866410255432,0.012324159717781613,0,0
107,sox10,0,111,0.015571536496281624,1.0,0.8278866410255432,0.01289146704551325,0,0
107,sox10,0,71,0.01606757752597332,1.0,0.8278866410255432,0.01330213278739556,0,0
107,sox10,0,40,0.01640586368739605,1.0,0.8278866410255432,0.013582195381281248,0,0
107,sox10,0,10,0.016477100551128387,1.0,0.8278866410255432,0.013641171429113808,0,0
107,sox10,0,72,0.016727151349186897,1.0,0.8278866410255432,0.013848185144404224,0,0
107,sox10,0,12,0.01689976640045643,1.0,0.8278866410255432,0.013991090839390208,0,0
107,sox10,0,19,0.016941705718636513,1.0,0.8278866410255432,0.01402581184064522,0,0
107,sox10,0,15,0.01831621117889881,1.0,0.8278866410255432,0.015163746549213042,0,0
107,sox10,0,140,0.01842028647661209,1.0,0.8278866410255432,0.015249909097850622,0,0
107,sox10,0,144,0.01925683207809925,1.0,0.8278866410255432,0.01594247402593052,0,0
107,sox10,0,44,0.019265657290816307,1.0,0.8278866410255432,0.01594978030164318,0,0
107,sox10,0,11,0.01933283731341362,1.0,0.8278866410255432,0.01600539774489529,0,0
107,sox10,0,0,0.019453296437859535,1.0,0.8278866410255432,0.016105124244813696,0,0
107,sox10,0,14,0.01972396858036518,1.0,0.8278866410255432,0.016329210095691882,0,0
107,sox10,0,16,0.019774336367845535,1.0,0.8278866410255432,0.01637090891408488,0,0
107,sox10,0,59,0.020312542095780373,1.0,0.8278866410255432,0.01681648224636556,0,0
107,sox10,0,65,0.02109401673078537,1.0,0.8278866410255432,0.01746345465698651,0,0
107,sox10,0,130,0.02138654887676239,1.0,0.8278866410255432,0.01770563811271142,0,0
107,sox10,0,37,0.022241223603487015,1.0,0.8278866410255432,0.018413211901388893,0,0
107,sox10,0,58,0.022558387368917465,1.0,0.8278866410255432,0.018675787545806122,0,0
108,sox10,0,81,0.00739683723077178,1.0,0.9417159557342529,0.006965719642186952,0,0
108,sox10,0,88,0.007451723795384169,1.0,0.9417159557342529,0.007017407195837877,0,0
108,sox10,0,8,0.0080148596316576,1.0,0.9417159557342529,0.0075477211981023196,0,0
108,sox10,0,52,0.008217579685151577,1.0,0.9417159557342529,0.007738625907024899,0,0
108,sox10,0,43,0.008393329568207264,1.0,0.9417159557342529,0.007904132376116868,0,0
108,sox10,0,38,0.008554931730031967,1.0,0.9417159557342529,0.00805631571038834,0,0
108,sox10,0,58,0.008575031533837318,1.0,0.9417159557342529,0.008075244016338967,0,0
108,sox10,0,123,0.00863026361912489,1.0,0.9417159557342529,0.008127256952322748,0,0
108,sox10,0,4,0.008651173673570156,1.0,0.9417159557342529,0.008146948284229127,0,0
108,sox10,0,72,0.00885182898491621,1.0,0.9417159557342529,0.00833590859252653,0,0
108,sox10,0,71,0.008872042410075665,1.0,0.9417159557342529,0.00835494389751923,0,0
108,sox10,0,68,0.009170383214950562,1.0,0.9417159557342529,0.008635896193716519,0,0
108,sox10,0,55,0.00954222958534956,1.0,0.9417159557342529,0.008986069853803125,0,0
108,sox10,0,26,0.009716435335576534,1.0,0.9417159557342529,0.009150122188372523,0,0
108,sox10,0,74,0.009850850328803062,1.0,0.9417159557342529,0.009276702932183856,0,0
108,sox10,0,39,0.009995820000767708,1.0,0.9417159557342529,0.009413223185370523,0,0
108,sox10,0,32,0.010243681259453297,1.0,0.9417159557342529,0.009646638087483117,0,0
108,sox10,0,64,0.010374519042670727,1.0,0.9417159557342529,0.00976985011555187,0,0
108,sox10,0,69,0.01037556305527687,1.0,0.9417159557342529,0.009770833278881064,0,0
108,sox10,0,9,0.010495496913790703,1.0,0.9417159557342529,0.009883776907076314,0,0
108,sox10,0,36,0.0109163923189044,1.0,0.9417159557342529,0.010280140825767115,0,0
108,sox10,0,107,0.011627412401139736,1.0,0.9417159557342529,0.010949719782055611,0,0
108,sox10,0,18,0.012073105201125145,1.0,0.9417159557342529,0.011369435803157746,0,0
108,sox10,0,12,0.012254951521754265,1.0,0.9417159557342529,0.011540683384785755,0,0
108,sox10,0,125,0.012636383064091206,1.0,0.9417159557342529,0.011899883554224777,0,0
108,sox10,0,59,0.012985206209123135,1.0,0.9417159557342529,0.012228375875630748,0,0
108,sox10,0,83,0.013050545006990433,1.0,0.9417159557342529,0.012289906464110878,0,0
108,sox10,0,84,0.013281258754432201,1.0,0.9417159557342529,0.012507173281284034,0,0
108,sox10,0,122,0.013738926500082016,1.0,0.9417159557342529,0.01293816629978739,0,0
108,sox10,0,21,0.013781641609966755,1.0,0.9417159557342529,0.01297839180031679,0,0
108,sox10,0,63,0.013981795869767666,1.0,0.9417159557342529,0.013166880260379488,0,0
108,sox10,0,73,0.014341399073600769,1.0,0.9417159557342529,0.013505524335162278,0,0
108,sox10,0,5,0.014805738814175129,1.0,0.9417159557342529,0.013942800477742656,0,0
108,sox10,0,79,0.014991129748523235,1.0,0.9417159557342529,0.01411738607866675,0,0
108,sox10,0,67,0.015096629038453102,1.0,0.9417159557342529,0.014216736443312339,0,0
108,sox10,0,77,0.015101589262485504,1.0,0.9417159557342529,0.014221407565427668,0,0
108,sox10,0,25,0.015315973199903965,1.0,0.9417159557342529,0.014423296339947766,0,0
108,sox10,0,7,0.015363260172307491,1.0,0.9417159557342529,0.014467827236358533,0,0
108,sox10,0,70,0.015748539939522743,1.0,0.9417159557342529,0.014830651340566714,0,0
108,sox10,0,49,0.01575027033686638,1.0,0.9417159557342529,0.014832280883354976,0,0
108,sox10,0,19,0.01601879671216011,1.0,0.9417159557342529,0.015085156455504567,0,0
108,sox10,0,11,0.016415707767009735,1.0,0.9417159557342529,0.015458933928863772,0,0
108,sox10,0,17,0.01701015792787075,1.0,0.9417159557342529,0.016018737130235383,0,0
108,sox10,0,121,0.017130818217992783,1.0,0.9417159557342529,0.016132364850666825,0,0
108,sox10,0,10,0.01821795292198658,1.0,0.9417159557342529,0.017156136947450218,0,0
108,sox10,0,104,0.018550850450992584,1.0,0.9417159557342529,0.01746963186213968,0,0
108,sox10,0,85,0.018829692155122757,1.0,0.9417159557342529,0.017732221544043192,0,0
108,sox10,0,61,0.019427409395575523,1.0,0.9417159557342529,0.01829510140639501,0,0
108,sox10,0,80,0.019675862044095993,1.0,0.9417159557342529,0.01852907322975117,0,0
108,sox10,0,101,0.02027200348675251,1.0,0.9417159557342529,0.019090469138175248,0,0
108,sox10,0,20,0.021402431651949883,1.0,0.9417159557342529,0.02015501137815301,0,0
108,sox10,0,105,0.023341067135334015,1.0,0.9417159557342529,0.021980655345208433,0,0
108,sox10,0,86,0.024008017033338547,1.0,0.9417159557342529,0.022608732705834633,0,0
108,sox10,0,94,0.02522463910281658,1.0,0.9417159557342529,0.023754445120760526,0,0
108,sox10,0,96,0.02631193771958351,1.0,0.9417159557342529,0.024778371576817726,0,0
108,sox10,0,78,0.028006402775645256,1.0,0.9417159557342529,0.026374076356545206,0,0
108,sox10,0,75,0.028531521558761597,1.0,0.9417159557342529,0.02686858909326162,0,0
