case_id,stain,slice_idx,patch_idx,patch_attn_weight,slice_attn_weight,stain_attn_weight,effective_weight,true_label,pred_label
7,melan,0,19,0.004529326688498259,1.0,0.9866683483123779,0.004468943282707749,1,1
7,melan,0,3,0.004969670902937651,1.0,0.9866683483123779,0.004903416981457576,1,1
7,melan,0,70,0.005788122769445181,1.0,0.9866683483123779,0.005710957532757743,1,1
7,melan,0,30,0.006057434715330601,1.0,0.9866683483123779,0.005976679105585303,1,1
7,melan,0,68,0.006130257621407509,1.0,0.9866683483123779,0.006048531162043513,1,1
7,melan,0,29,0.0073424456641077995,1.0,0.9866683483123779,0.007244558735978623,1,1
7,melan,0,58,0.00990490522235632,1.0,0.9866683483123779,0.009772856475932956,1,1
7,melan,0,51,0.012640852481126785,1.0,0.9866683483123779,0.01247232903881379,1,1
7,melan,0,72,0.013321365229785442,1.0,0.9866683483123779,0.013143769428538343,1,1
7,melan,0,57,0.014200935140252113,1.0,0.9866683483123779,0.01401161321932376,1,1
7,melan,0,62,0.0184770617634058,1.0,0.9866683483123779,0.018230732011765394,1,1
7,melan,0,14,0.025696206837892532,1.0,0.9866683483123779,0.025353633958636657,1,1
7,melan,0,55,0.027290979400277138,1.0,0.9866683483123779,0.026927145568698574,1,1
7,melan,0,61,0.028227031230926514,1.0,0.9866683483123779,0.02785071828238017,1,1
7,melan,0,32,0.02909429371356964,1.0,0.9866683483123779,0.028706418723682958,1,1
7,melan,0,24,0.03329057991504669,1.0,0.9866683483123779,0.03284676149914034,1,1
7,melan,0,67,0.03515153378248215,1.0,0.9866683483123779,0.034682905777808415,1,1
7,melan,0,60,0.035451993346214294,1.0,0.9866683483123779,0.03497935971929067,1,1
7,melan,0,59,0.044665392488241196,1.0,0.9866683483123779,0.04406992903309703,1,1
7,melan,0,64,0.04715777188539505,1.0,0.9866683483123779,0.046529080896254627,1,1
7,melan,0,63,0.056924425065517426,1.0,0.9866683483123779,0.056165528458025804,1,1
7,melan,0,22,0.07784035056829453,1.0,0.9866683483123779,0.07680261012727563,1,1
7,melan,0,21,0.10956764966249466,1.0,0.9866683483123779,0.10810693192096288,1,1
7,melan,0,69,0.11801693588495255,1.0,0.9866683483123779,0.11644357520249393,1,1
7,melan,0,78,0.14057478308677673,1.0,0.9866683483123779,0.1387006890426008,1,1
15,melan,1,15,0.03928130492568016,0.08939627557992935,0.7198910117149353,0.002527970975879169,1,1
15,melan,3,72,0.02478177100419998,0.14532813429832458,0.7198910117149353,0.002592679232086903,1,1
15,melan,2,79,0.0074716899544000626,0.4822024405002594,0.7198910117149353,0.002593671663774659,1,1
15,sox10,2,26,0.03088267520070076,0.3114253878593445,0.2714069187641144,0.0026102965086673385,1,1
15,sox10,3,53,0.03718635067343712,0.26456817984580994,0.2714069187641144,0.002670189504659029,1,1
15,sox10,2,45,0.03169960901141167,0.3114253878593445,0.2714069187641144,0.0026793462091888338,1,1
15,melan,3,178,0.02585498057305813,0.14532813429832458,0.7198910117149353,0.0027049588653860683,1,1
15,melan,0,28,0.01327793300151825,0.28307318687438965,0.7198910117149353,0.0027058016567977653,1,1
15,sox10,3,86,0.03785300254821777,0.26456817984580994,0.2714069187641144,0.002718058865514923,1,1
15,melan,2,74,0.007842316292226315,0.4822024405002594,0.7198910117149353,0.002722328371445248,1,1
15,melan,3,156,0.026421545073390007,0.14532813429832458,0.7198910117149353,0.0027642330800254984,1,1
15,sox10,2,2,0.03293972089886665,0.3114253878593445,0.2714069187641144,0.0027841641923830865,1,1
15,melan,2,43,0.008049974218010902,0.4822024405002594,0.7198910117149353,0.0027944133322978498,1,1
15,melan,3,100,0.026822131127119064,0.14532813429832458,0.7198910117149353,0.0028061425602636525,1,1
15,sox10,2,37,0.033382564783096313,0.3114253878593445,0.2714069187641144,0.002821594688199172,1,1
15,melan,3,181,0.02706814557313919,0.14532813429832458,0.7198910117149353,0.002831880694349455,1,1
15,sox10,2,70,0.03388963267207146,0.3114253878593445,0.2714069187641144,0.0028644535898858722,1,1
15,melan,2,12,0.0083151925355196,0.4822024405002594,0.7198910117149353,0.0028864794162807915,1,1
15,sox10,3,12,0.040366027504205704,0.26456817984580994,0.2714069187641144,0.002898508216981359,1,1
15,sox10,3,35,0.040476128458976746,0.26456817984580994,0.2714069187641144,0.0029064140858971964,1,1
15,melan,1,80,0.04528415575623512,0.08939627557992935,0.7198910117149353,0.0029142878943442282,1,1
15,melan,3,179,0.027873825281858444,0.14532813429832458,0.7198910117149353,0.0029161712419522156,1,1
15,sox10,3,129,0.040957916527986526,0.26456817984580994,0.2714069187641144,0.0029410091838845557,1,1
15,melan,2,23,0.008497174829244614,0.4822024405002594,0.7198910117149353,0.0029496515127440987,1,1
15,sox10,0,92,0.032132282853126526,0.34130746126174927,0.2714069187641144,0.0029765163900305897,1,1
15,sox10,3,49,0.041554611176252365,0.26456817984580994,0.2714069187641144,0.002983855221703044,1,1
15,sox10,0,100,0.032707441598176956,0.34130746126174927,0.2714069187641144,0.003029795188780659,1,1
15,melan,3,101,0.030041104182600975,0.14532813429832458,0.7198910117149353,0.0031429128656700273,1,1
15,sox10,2,97,0.037798922508955,0.3114253878593445,0.2714069187641144,0.003194878514095621,1,1
15,melan,3,97,0.03059936873614788,0.14532813429832458,0.7198910117149353,0.0032013187364105015,1,1
15,melan,2,54,0.009386097081005573,0.4822024405002594,0.7198910117149353,0.003258225940987527,1,1
15,melan,3,94,0.03248370811343193,0.14532813429832458,0.7198910117149353,0.0033984591090198656,1,1
15,sox10,3,51,0.04847840964794159,0.26456817984580994,0.2714069187641144,0.0034810229640780707,1,1
15,melan,2,97,0.010220066644251347,0.4822024405002594,0.7198910117149353,0.003547724466467332,1,1
15,melan,2,62,0.01025177352130413,0.4822024405002594,0.7198910117149353,0.0035587309762476482,1,1
15,sox10,2,99,0.04276972636580467,0.3114253878593445,0.2714069187641144,0.0036150257930629044,1,1
15,sox10,2,98,0.042887769639492035,0.3114253878593445,0.2714069187641144,0.0036250031652683666,1,1
15,sox10,0,119,0.0391518734395504,0.34130746126174927,0.2714069187641144,0.0036267635737523055,1,1
15,melan,0,218,0.01782706193625927,0.28307318687438965,0.7198910117149353,0.0036328315346561223,1,1
15,melan,2,26,0.010562418960034847,0.4822024405002594,0.7198910117149353,0.0036665663223117905,1,1
15,melan,3,81,0.03509647771716118,0.14532813429832458,0.7198910117149353,0.003671808156134726,1,1
15,sox10,0,121,0.040056295692920685,0.34130746126174927,0.2714069187641144,0.0037105431070325904,1,1
15,melan,2,41,0.010742862708866596,0.4822024405002594,0.7198910117149353,0.0037292043387587345,1,1
15,sox10,3,6,0.052213311195373535,0.26456817984580994,0.2714069187641144,0.0037492099394677092,1,1
15,melan,0,208,0.018644867464900017,0.28307318687438965,0.7198910117149353,0.0037994854524068355,1,1
15,melan,3,153,0.03651672974228859,0.14532813429832458,0.7198910117149353,0.0038203955161443537,1,1
15,sox10,0,123,0.04155927151441574,0.34130746126174927,0.2714069187641144,0.003849768576537769,1,1
15,melan,3,154,0.037523526698350906,0.14532813429832458,0.7198910117149353,0.003925727034156876,1,1
15,melan,2,109,0.011389793828129768,0.4822024405002594,0.7198910117149353,0.003953775610142766,1,1
15,sox10,3,48,0.05706612393260002,0.26456817984580994,0.2714069187641144,0.004097669237149585,1,1
15,melan,0,20,0.020204659551382065,0.28307318687438965,0.7198910117149353,0.004117342758312851,1,1
15,melan,0,190,0.020383495837450027,0.28307318687438965,0.7198910117149353,0.004153786346263093,1,1
15,melan,0,194,0.020524028688669205,0.28307318687438965,0.7198910117149353,0.004182424389670895,1,1
15,melan,0,195,0.02059914544224739,0.28307318687438965,0.7198910117149353,0.00419773182014685,1,1
15,melan,0,193,0.020917505025863647,0.28307318687438965,0.7198910117149353,0.004262607722797347,1,1
15,melan,0,201,0.021314235404133797,0.28307318687438965,0.7198910117149353,0.00434345417041104,1,1
15,sox10,2,5,0.054113782942295074,0.3114253878593445,0.2714069187641144,0.004573859543160621,1,1
15,sox10,0,118,0.04991293326020241,0.34130746126174927,0.2714069187641144,0.004623595049333373,1,1
15,melan,0,189,0.023079615086317062,0.28307318687438965,0.7198910117149353,0.0047032064954440405,1,1
15,sox10,2,63,0.05606992915272713,0.3114253878593445,0.2714069187641144,0.004739198898975812,1,1
15,melan,1,47,0.07439220696687698,0.08939627557992935,0.7198910117149353,0.004787553275016483,1,1
15,melan,1,36,0.07448731362819672,0.08939627557992935,0.7198910117149353,0.004793673918917797,1,1
15,melan,0,25,0.023818764835596085,0.28307318687438965,0.7198910117149353,0.0048538317935225995,1,1
15,melan,0,2,0.02399960346519947,0.28307318687438965,0.7198910117149353,0.004890683422728586,1,1
15,sox10,3,71,0.06816089898347855,0.26456817984580994,0.2714069187641144,0.004894336599257006,1,1
15,sox10,0,80,0.05332667753100395,0.34130746126174927,0.2714069187641144,0.004939821127009181,1,1
15,sox10,0,128,0.05499373376369476,0.34130746126174927,0.2714069187641144,0.005094245891112862,1,1
15,melan,0,191,0.028223637491464615,0.28307318687438965,0.7198910117149353,0.005751464861024101,1,1
15,melan,2,46,0.016606071963906288,0.4822024405002594,0.7198910117149353,0.005764518945813898,1,1
15,melan,2,101,0.017275938764214516,0.4822024405002594,0.7198910117149353,0.0059970519536161945,1,1
15,sox10,0,129,0.06850837916135788,0.34130746126174927,0.2714069187641144,0.006346150827823005,1,1
15,melan,2,44,0.018558688461780548,0.4822024405002594,0.7198910117149353,0.006442336964450089,1,1
15,melan,2,73,0.018647460266947746,0.4822024405002594,0.7198910117149353,0.006473152605491069,1,1
15,melan,0,202,0.03233465179800987,0.28307318687438965,0.7198910117149353,0.00658921493255237,1,1
15,melan,0,185,0.0329178050160408,0.28307318687438965,0.7198910117149353,0.0067080509700089995,1,1
15,sox10,0,96,0.07271889597177505,0.34130746126174927,0.2714069187641144,0.0067361845006246425,1,1
15,sox10,0,120,0.07320663332939148,0.34130746126174927,0.2714069187641144,0.006781365175947692,1,1
15,sox10,0,9,0.07364343851804733,0.34130746126174927,0.2714069187641144,0.006821827841150393,1,1
15,melan,0,192,0.034298066049814224,0.28307318687438965,0.7198910117149353,0.006989323107138361,1,1
15,melan,1,120,0.1088886633515358,0.08939627557992935,0.7198910117149353,0.007007592570454658,1,1
15,melan,0,21,0.037599775940179825,0.28307318687438965,0.7198910117149353,0.007662151633279839,1,1
15,melan,0,1,0.03782455623149872,0.28307318687438965,0.7198910117149353,0.007707957775289789,1,1
15,melan,2,39,0.022405462339520454,0.4822024405002594,0.7198910117149353,0.0077776799008586,1,1
15,melan,0,199,0.039601679891347885,0.28307318687438965,0.7198910117149353,0.008070103309734386,1,1
15,melan,1,0,0.1256076842546463,0.08939627557992935,0.7198910117149353,0.008083554778638572,1,1
15,melan,2,49,0.02366969920694828,0.4822024405002594,0.7198910117149353,0.00821653849367478,1,1
15,melan,0,154,0.040633540600538254,0.28307318687438965,0.7198910117149353,0.008280377786657305,1,1
15,melan,0,198,0.04119617119431496,0.28307318687438965,0.7198910117149353,0.008395031685922504,1,1
15,melan,0,22,0.041848570108413696,0.28307318687438965,0.7198910117149353,0.00852797873893592,1,1
15,melan,1,1,0.1356675624847412,0.08939627557992935,0.7198910117149353,0.008730964029290352,1,1
15,melan,0,180,0.04576662555336952,0.28307318687438965,0.7198910117149353,0.00932640729804785,1,1
15,melan,2,118,0.02735115773975849,0.4822024405002594,0.7198910117149353,0.00949449498493526,1,1
15,melan,2,40,0.028850167989730835,0.4822024405002594,0.7198910117149353,0.010014851213952958,1,1
15,melan,2,42,0.03006148152053356,0.4822024405002594,0.7198910117149353,0.010435338359426612,1,1
15,melan,2,69,0.031229287385940552,0.4822024405002594,0.7198910117149353,0.010840722549667569,1,1
15,melan,2,64,0.03588346764445305,0.4822024405002594,0.7198910117149353,0.01245634304894892,1,1
15,melan,2,116,0.03651942312717438,0.4822024405002594,0.7198910117149353,0.012677104312468036,1,1
15,melan,2,117,0.039710238575935364,0.4822024405002594,0.7198910117149353,0.013784742298558734,1,1
15,melan,2,102,0.040607187896966934,0.4822024405002594,0.7198910117149353,0.01409610318906671,1,1
15,melan,2,113,0.04212561994791031,0.4822024405002594,0.7198910117149353,0.014623201370058523,1,1
15,melan,0,200,0.07370518147945404,0.28307318687438965,0.7198910117149353,0.015019777712305293,1,1
15,melan,2,100,0.04575895890593529,0.4822024405002594,0.7198910117149353,0.015884453959209167,1,1
15,melan,2,38,0.06366132944822311,0.4822024405002594,0.7198910117149353,0.02209896118224803,1,1
15,melan,2,72,0.06762880831956863,0.4822024405002594,0.7198910117149353,0.023476204829673948,1,1
15,melan,2,47,0.0814131647348404,0.4822024405002594,0.7198910117149353,0.02826121261986022,1,1
15,melan,2,114,0.08233910799026489,0.4822024405002594,0.7198910117149353,0.028582638267674137,1,1
22,sox10,0,60,0.011490080505609512,1.0,0.7433466911315918,0.008541113324680438,0,0
22,sox10,0,44,0.012348107062280178,1.0,0.7433466911315918,0.009178924526484611,0,0
22,sox10,0,100,0.012887008488178253,1.0,0.7433466911315918,0.009579515118272042,0,0
22,sox10,0,61,0.012913241051137447,1.0,0.7433466911315918,0.00959901500714766,0,0
22,melan,0,71,0.05042928084731102,1.0,0.19788499176502228,0.009979197825186137,0,0
22,sox10,0,51,0.01344279944896698,1.0,0.7433466911315918,0.00999266048993519,0,0
22,sox10,0,68,0.014270622283220291,1.0,0.7433466911315918,0.010608019854620565,0,0
22,sox10,0,4,0.016186513006687164,1.0,0.7433466911315918,0.012032190884479377,0,0
22,sox10,0,55,0.016719205304980278,1.0,0.7433466911315918,0.012428165941806846,0,0
22,sox10,0,45,0.018057677894830704,1.0,0.7433466911315918,0.013423115112642492,0,0
22,sox10,0,88,0.018621530383825302,1.0,0.7433466911315918,0.013842252994622939,0,0
22,sox10,0,64,0.019015278667211533,1.0,0.7433466911315918,0.014134944478216838,0,0
22,sox10,0,43,0.01904960535466671,1.0,0.7433466911315918,0.014160461107754152,0,0
22,sox10,0,42,0.020051874220371246,1.0,0.7433466911315918,0.014905494352699833,0,0
22,sox10,0,78,0.021359067410230637,1.0,0.7433466911315918,0.01587719208505156,0,0
22,sox10,0,52,0.02165239490568638,1.0,0.7433466911315918,0.016095236108216504,0,0
22,sox10,0,54,0.022005869075655937,1.0,0.7433466911315918,0.01635798996286386,0,0
22,sox10,0,101,0.02352067269384861,1.0,0.7433466911315918,0.017484014220161548,0,0
22,sox10,0,77,0.024562260136008263,1.0,0.7433466911315918,0.018258274798815144,0,0
22,sox10,0,63,0.025406161323189735,1.0,0.7433466911315918,0.018885585953948514,0,0
22,melan,0,14,0.09549660235643387,1.0,0.19788499176502228,0.018897344370890523,0,0
22,sox10,0,56,0.027371805161237717,1.0,0.7433466911315918,0.020346740796904683,0,0
22,melan,0,4,0.10702681541442871,1.0,0.19788499176502228,0.021179000486920785,0,0
22,sox10,0,67,0.028783412650227547,1.0,0.7433466911315918,0.021396054553021848,0,0
22,sox10,0,66,0.03062574565410614,1.0,0.7433466911315918,0.022765546695417527,0,0
22,sox10,0,62,0.030864695087075233,1.0,0.7433466911315918,0.022943168965762872,0,0
22,sox10,0,98,0.031202569603919983,1.0,0.7433466911315918,0.023194326869877102,0,0
22,melan,0,3,0.1239585429430008,1.0,0.19788499176502228,0.024529535249479872,0,0
22,sox10,0,89,0.03480440750718117,1.0,0.7433466911315918,0.025871741157258654,0,0
22,sox10,0,80,0.03664713352918625,1.0,0.7433466911315918,0.027241525448378212,0,0
22,sox10,0,82,0.036739375442266464,1.0,0.7433466911315918,0.027310093169250038,0,0
22,sox10,0,83,0.03946833312511444,1.0,0.7433466911315918,0.029338654833033218,0,0
22,sox10,0,79,0.04466129466891289,1.0,0.7433466911315918,0.033198825613789396,0,0
22,sox10,0,91,0.04650840908288956,1.0,0.7433466911315918,0.03457187200156042,0,0
22,sox10,0,94,0.05138165131211281,1.0,0.7433466911315918,0.03819438048773627,0,0
22,melan,0,13,0.20430703461170197,1.0,0.19788499176502228,0.040429295861672765,0,0
22,sox10,0,84,0.057518135756254196,1.0,0.7433466911315918,0.042755915894469254,0,0
28,sox10,0,153,0.007342599797993898,1.0,0.9211372137069702,0.006763541919289462,0,0
28,sox10,0,97,0.007404427509754896,1.0,0.9211372137069702,0.006820493725430865,0,0
28,sox10,0,45,0.007512432523071766,1.0,0.9211372137069702,0.006919981162463951,0,0
28,sox10,0,5,0.007520127110183239,1.0,0.9211372137069702,0.0069270689329964386,0,0
28,sox10,0,25,0.007563906721770763,1.0,0.9211372137069702,0.006967395962431344,0,0
28,sox10,0,53,0.0075774728320539,1.0,0.9211372137069702,0.006979892211458394,0,0
28,sox10,0,63,0.007712123915553093,1.0,0.9211372137069702,0.007103924335335465,0,0
28,sox10,0,101,0.008266604505479336,1.0,0.9211372137069702,0.007614677040994722,0,0
28,sox10,0,62,0.008467421866953373,1.0,0.9211372137069702,0.007799657385806902,0,0
28,sox10,0,82,0.008473276160657406,1.0,0.9211372137069702,0.007805049993597657,0,0
28,sox10,0,13,0.008545256219804287,1.0,0.9211372137069702,0.007871353504722678,0,0
28,sox10,0,43,0.00862348172813654,1.0,0.9211372137069702,0.00794340993150866,0,0
28,melan,0,101,0.21769370138645172,0.5210263133049011,0.0701766386628151,0.007959725356013178,0,0
28,sox10,0,58,0.008688571862876415,1.0,0.9211372137069702,0.00800336687686276,0,0
28,sox10,0,163,0.008930039592087269,1.0,0.9211372137069702,0.008225791788148196,0,0
28,sox10,0,165,0.008998987264931202,1.0,0.9211372137069702,0.008289302055403236,0,0
28,sox10,0,81,0.009557127021253109,1.0,0.9211372137069702,0.008803425355400685,0,0
28,sox10,0,10,0.009730873629450798,1.0,0.9211372137069702,0.00896346982196694,0,0
28,sox10,0,145,0.010071620345115662,1.0,0.9211372137069702,0.009277344302214274,0,0
28,sox10,0,144,0.010220344178378582,1.0,0.9211372137069702,0.0094143393595979,0,0
28,sox10,0,85,0.010281186550855637,1.0,0.9211372137069702,0.009470383533056737,0,0
28,sox10,0,73,0.010508120991289616,1.0,0.9211372137069702,0.009679421291212242,0,0
28,sox10,0,9,0.010745389387011528,1.0,0.9211372137069702,0.009897978040148248,0,0
28,sox10,0,74,0.010813017375767231,1.0,0.9211372137069702,0.009960272697279282,0,0
28,sox10,0,44,0.010920591652393341,1.0,0.9211372137069702,0.0100593633667172,0,0
28,sox10,0,71,0.011640307493507862,1.0,0.9211372137069702,0.010722320411262198,0,0
28,sox10,0,38,0.011775399558246136,1.0,0.9211372137069702,0.010846758739369133,0,0
28,sox10,0,166,0.011885801330208778,1.0,0.9211372137069702,0.010948453919983114,0,0
28,sox10,0,18,0.012021043337881565,1.0,0.9211372137069702,0.011073030366106962,0,0
28,sox10,0,77,0.012352464720606804,1.0,0.9211372137069702,0.0113783149351534,0,0
28,sox10,0,11,0.013008288107812405,1.0,0.9211372137069702,0.011982418262727834,0,0
28,sox10,0,7,0.013088994659483433,1.0,0.9211372137069702,0.012056760070861983,0,0
28,sox10,0,65,0.013216730207204819,1.0,0.9211372137069702,0.012174422037381394,0,0
28,sox10,0,167,0.013616103678941727,1.0,0.9211372137069702,0.012542299804365609,0,0
28,sox10,0,84,0.01364968903362751,1.0,0.9211372137069702,0.012573236524402231,0,0
28,sox10,0,83,0.014433493837714195,1.0,0.9211372137069702,0.013295228297728778,0,0
28,sox10,0,57,0.014598090201616287,1.0,0.9211372137069702,0.01344684413375985,0,0
28,sox10,0,4,0.014697662554681301,1.0,0.9211372137069702,0.013538563933624403,0,0
28,sox10,0,51,0.01650603860616684,1.0,0.9211372137069702,0.015204326411024205,0,0
28,sox10,0,17,0.016690703108906746,1.0,0.9211372137069702,0.015374427756548625,0,0
28,sox10,0,99,0.01812722720205784,1.0,0.9211372137069702,0.016697663557136755,0,0
28,sox10,0,56,0.019107580184936523,1.0,0.9211372137069702,0.017600703172234944,0,0
28,sox10,0,3,0.01941053941845894,1.0,0.9211372137069702,0.01787977019646858,0,0
28,sox10,0,52,0.02024807222187519,1.0,0.9211372137069702,0.018651252829395615,0,0
28,sox10,0,68,0.020358623936772346,1.0,0.9211372137069702,0.018753086128026508,0,0
28,sox10,0,89,0.02227303571999073,1.0,0.9211372137069702,0.020516522063908083,0,0
28,sox10,0,64,0.022710604593157768,1.0,0.9211372137069702,0.020919583036542067,0,0
28,sox10,0,47,0.02462228760123253,1.0,0.9211372137069702,0.02268050539609101,0,0
28,sox10,0,50,0.025672566145658493,1.0,0.9211372137069702,0.023647956048119756,0,0
28,sox10,0,88,0.02584345079958439,1.0,0.9211372137069702,0.023805364262102335,0,0
28,sox10,0,75,0.026346182450652122,1.0,0.9211372137069702,0.024268449094409172,0,0
28,sox10,0,48,0.029493458569049835,1.0,0.9211372137069702,0.02716752224887653,0,0
38,melan,0,13,0.013049797154963017,0.1302427351474762,0.9803516268730164,0.0016662460886371247,1,1
38,melan,2,29,0.028792809695005417,0.05959419161081314,0.9803516268730164,0.0016821698846203,1,1
38,melan,13,9,0.05028633773326874,0.03425636142492294,0.9803516268730164,0.0016887801428554254,1,1
38,melan,8,1,0.03085060603916645,0.056262191385030746,0.9803516268730164,0.0017016185740392614,1,1
38,melan,10,22,0.03953026235103607,0.04416745901107788,0.9803516268730164,0.001711646140620504,1,1
38,melan,2,22,0.029869290068745613,0.05959419161081314,0.9803516268730164,0.0017450613802843958,1,1
38,melan,5,11,0.026098445057868958,0.06921164691448212,0.9803516268730164,0.0017708251864498713,1,1
38,melan,2,13,0.030532237142324448,0.05959419161081314,0.9803516268730164,0.0017837929113188582,1,1
38,melan,1,7,0.012945465743541718,0.14071427285671234,0.9803516268730164,0.0017858200905767675,1,1
38,melan,14,21,0.043972212821245193,0.04217154160141945,0.9803516268730164,0.0018179405306867436,1,1
38,melan,4,17,0.04544980078935623,0.04095742478966713,0.9803516268730164,0.0018249312173990195,1,1
38,melan,0,49,0.014521156437695026,0.1302427351474762,0.9803516268730164,0.0018541146524714478,1,1
38,melan,0,43,0.014522307552397251,0.1302427351474762,0.9803516268730164,0.0018542616310296106,1,1
38,melan,1,20,0.013471787795424461,0.14071427285671234,0.9803516268730164,0.0018584259367460875,1,1
38,melan,10,7,0.043849971145391464,0.04416745901107788,0.9803516268730164,0.0018986879776011045,1,1
38,melan,8,24,0.0344746969640255,0.056262191385030746,0.9803516268730164,0.0019015115817784993,1,1
38,melan,10,15,0.044653527438640594,0.04416745901107788,0.9803516268730164,0.001933481676056666,1,1
38,melan,12,26,0.037963345646858215,0.052282147109508514,0.9803516268730164,0.0019458070282943132,1,1
38,melan,2,17,0.03366489335894585,0.05959419161081314,0.9803516268730164,0.001966812908404561,1,1
38,melan,6,2,0.0197618305683136,0.10152950882911682,0.9803516268730164,0.0019669862794472943,1,1
38,melan,1,2,0.01444137655198574,0.14071427285671234,0.9803516268730164,0.00199218018826294,1,1
38,melan,10,16,0.04605488106608391,0.04416745901107788,0.9803516268730164,0.0019941597840529572,1,1
38,melan,2,4,0.03437425196170807,0.05959419161081314,0.9803516268730164,0.002008255952400713,1,1
38,melan,1,9,0.014625311829149723,0.14071427285671234,0.9803516268730164,0.00201755396158501,1,1
38,melan,2,45,0.03454700484871864,0.05959419161081314,0.9803516268730164,0.0020183487397003427,1,1
38,melan,0,11,0.01590009033679962,0.1302427351474762,0.9803516268730164,0.002030182003449263,1,1
38,melan,9,12,0.018282217904925346,0.11379735171794891,0.9803516268730164,0.002039590169939362,1,1
38,melan,12,24,0.04019082710146904,0.052282147109508514,0.9803516268730164,0.0020599763407172737,1,1
38,melan,14,11,0.049887023866176605,0.04217154160141945,0.9803516268730164,0.0020624762053785394,1,1
38,melan,2,50,0.03531632199883461,0.05959419161081314,0.9803516268730164,0.0020632947576595235,1,1
38,melan,0,9,0.016197144985198975,0.1302427351474762,0.9803516268730164,0.002068111033313046,1,1
38,melan,2,3,0.03541500121355057,0.05959419161081314,0.9803516268730164,0.002069059919343691,1,1
38,melan,2,5,0.03560810536146164,0.05959419161081314,0.9803516268730164,0.0020803416937051427,1,1
38,melan,0,25,0.01640198566019535,0.1302427351474762,0.9803516268730164,0.002094265843955194,1,1
38,melan,0,37,0.016513897106051445,0.1302427351474762,0.9803516268730164,0.002108555108892965,1,1
38,melan,12,28,0.04160779342055321,0.052282147109508514,0.9803516268730164,0.0021326027906665938,1,1
38,melan,14,3,0.052374161779880524,0.04217154160141945,0.9803516268730164,0.0021653017974657645,1,1
38,melan,2,2,0.03738347440958023,0.05959419161081314,0.9803516268730164,0.0021840645459889944,1,1
38,melan,14,22,0.05459846556186676,0.04217154160141945,0.9803516268730164,0.0022572610539687466,1,1
38,melan,10,25,0.05260632932186127,0.04416745901107788,0.9803516268730164,0.0022778351369483153,1,1
38,melan,14,5,0.05525866523385048,0.04217154160141945,0.9803516268730164,0.002284555649010491,1,1
38,melan,13,13,0.07019474357366562,0.03425636142492294,0.9803516268730164,0.0023573697036522955,1,1
38,melan,13,2,0.07126470655202866,0.03425636142492294,0.9803516268730164,0.0023933025695737384,1,1
38,melan,10,23,0.05548934265971184,0.04416745901107788,0.9803516268730164,0.002402668577446846,1,1
38,melan,1,1,0.017504168674349785,0.14071427285671234,0.9803516268730164,0.002414690726990113,1,1
38,melan,14,25,0.0591404065489769,0.04217154160141945,0.9803516268730164,0.0024450382450330434,1,1
38,melan,17,0,0.02715488336980343,0.09513206034898758,0.9803516268730164,0.002532542361138038,1,1
38,melan,12,5,0.05021117627620697,0.052282147109508514,0.9803516268730164,0.0025735682151410647,1,1
38,melan,8,22,0.04782787710428238,0.056262191385030746,0.9803516268730164,0.002638029344843073,1,1
38,melan,10,24,0.06150974705815315,0.04416745901107788,0.9803516268730164,0.0026633499223379636,1,1
38,melan,12,11,0.053393177688121796,0.052282147109508514,0.9803516268730164,0.002736661341045754,1,1
38,melan,8,8,0.049625568091869354,0.056262191385030746,0.9803516268730164,0.0027371841028072256,1,1
38,melan,12,27,0.053592536598443985,0.052282147109508514,0.9803516268730164,0.00274687945966118,1,1
38,melan,5,3,0.040520079433918,0.06921164691448212,0.9803516268730164,0.0027493583261159406,1,1
38,melan,13,18,0.0824621394276619,0.03425636142492294,0.9803516268730164,0.002769349089239364,1,1
38,melan,10,26,0.06438431143760681,0.04416745901107788,0.9803516268730164,0.002787817525977029,1,1
38,melan,13,3,0.0830385684967041,0.03425636142492294,0.9803516268730164,0.002788707467865515,1,1
38,melan,5,0,0.04151611775159836,0.06921164691448212,0.9803516268730164,0.0028169412696862025,1,1
38,melan,13,10,0.0867338553071022,0.03425636142492294,0.9803516268730164,0.002912807318219645,1,1
38,melan,2,18,0.0505019873380661,0.05959419161081314,0.9803516268730164,0.002950490873014973,1,1
38,melan,0,8,0.0231880322098732,0.1302427351474762,0.9803516268730164,0.002960733221680669,1,1
38,melan,12,25,0.057893816381692886,0.052282147109508514,0.9803516268730164,0.002967341073101686,1,1
38,melan,0,64,0.023245686665177345,0.1302427351474762,0.9803516268730164,0.002968094754546067,1,1
38,melan,5,9,0.04378180578351021,0.06921164691448212,0.9803516268730164,0.002970672169080833,1,1
38,melan,12,6,0.06039019674062729,0.052282147109508514,0.9803516268730164,0.0030952927687424104,1,1
38,melan,10,6,0.07197241485118866,0.04416745901107788,0.9803516268730164,0.0031163796743166852,1,1
38,melan,17,12,0.03490549698472023,0.09513206034898758,0.9803516268730164,0.003255386832140901,1,1
38,melan,8,17,0.060932159423828125,0.056262191385030746,0.9803516268730164,0.0033608187178000982,1,1
38,melan,13,4,0.1002902165055275,0.03425636142492294,0.9803516268730164,0.0033680743874325665,1,1
38,melan,9,6,0.031013209372758865,0.11379735171794891,0.9803516268730164,0.0034598776419741267,1,1
38,melan,14,2,0.08482971787452698,0.04217154160141945,0.9803516268730164,0.0035071098868218677,1,1
38,melan,8,6,0.06444729119539261,0.056262191385030746,0.9803516268730164,0.003554701894846797,1,1
38,melan,0,19,0.02818581648170948,0.1302427351474762,0.9803516268730164,0.0035988686958119483,1,1
38,melan,0,14,0.028238706290721893,0.1302427351474762,0.9803516268730164,0.0036056218611178305,1,1
38,melan,4,12,0.0906887874007225,0.04095742478966713,0.9803516268730164,0.0036413976809860863,1,1
38,melan,1,16,0.026478895917534828,0.14071427285671234,0.9803516268730164,0.0036527495605490545,1,1
38,melan,14,34,0.08860259503126144,0.04217154160141945,0.9803516268730164,0.003663091718539372,1,1
38,melan,1,14,0.027303971350193024,0.14071427285671234,0.9803516268730164,0.003766568276157444,1,1
38,melan,12,23,0.07367341220378876,0.052282147109508514,0.9803516268730164,0.0037761224892574755,1,1
38,melan,10,5,0.08860808610916138,0.04416745901107788,0.9803516268730164,0.0038366982558753564,1,1
38,melan,14,36,0.09327355027198792,0.04217154160141945,0.9803516268730164,0.0038562027380748187,1,1
38,melan,13,11,0.12092709541320801,0.03425636142492294,0.9803516268730164,0.004061128462968192,1,1
38,melan,4,18,0.1028541624546051,0.04095742478966713,0.9803516268730164,0.004129870068578967,1,1
38,melan,4,13,0.1034398153424263,0.04095742478966713,0.9803516268730164,0.004153385600418109,1,1
38,melan,5,10,0.06294321268796921,0.06921164691448212,0.9803516268730164,0.004270807172487856,1,1
38,melan,1,13,0.031038517132401466,0.14071427285671234,0.9803516268730164,0.0042817468737582085,1,1
38,melan,4,14,0.10806236416101456,0.04095742478966713,0.9803516268730164,0.004338993314786095,1,1
38,melan,12,3,0.08907469362020493,0.052282147109508514,0.9803516268730164,0.00456551344293074,1,1
38,melan,17,10,0.04993174597620964,0.09513206034898758,0.9803516268730164,0.004656777940388925,1,1
38,melan,8,5,0.08692482858896255,0.056262191385030746,0.9803516268730164,0.004794489375164124,1,1
38,melan,1,5,0.036193039268255234,0.14071427285671234,0.9803516268730164,0.004992810451530417,1,1
38,melan,9,14,0.045495714992284775,0.11379735171794891,0.9803516268730164,0.005075566517978541,1,1
38,melan,17,15,0.05448469892144203,0.09513206034898758,0.9803516268730164,0.005081399399632287,1,1
38,melan,17,8,0.05551532283425331,0.09513206034898758,0.9803516268730164,0.005177518343766617,1,1
38,melan,0,39,0.04194179177284241,0.1302427351474762,0.9803516268730164,0.005355282205697201,1,1
38,melan,5,7,0.07942768931388855,0.06921164691448212,0.9803516268730164,0.00538930777012483,1,1
38,melan,4,16,0.1356343924999237,0.04095742478966713,0.9803516268730164,0.005446084091176678,1,1
38,melan,0,29,0.043375663459300995,0.1302427351474762,0.9803516268730164,0.0055383642153865615,1,1
38,melan,9,2,0.04982094466686249,0.11379735171794891,0.9803516268730164,0.005558095277501865,1,1
38,melan,9,21,0.04982094466686249,0.11379735171794891,0.9803516268730164,0.005558095277501865,1,1
38,melan,5,6,0.08514882624149323,0.06921164691448212,0.9803516268730164,0.005777496926377882,1,1
38,melan,6,10,0.058668944984674454,0.10152950882911682,0.9803516268730164,0.005839591095348142,1,1
38,melan,6,11,0.05941493809223175,0.10152950882911682,0.9803516268730164,0.0059138432352020395,1,1
38,melan,6,9,0.06027081981301308,0.10152950882911682,0.9803516268730164,0.005999033096322799,1,1
38,melan,8,13,0.10927288979291916,0.056262191385030746,0.9803516268730164,0.006027135372138718,1,1
38,melan,8,9,0.11279933154582977,0.056262191385030746,0.9803516268730164,0.006221642370782508,1,1
38,melan,0,17,0.050402116030454636,0.1302427351474762,0.9803516268730164,0.006435527517976778,1,1
38,melan,4,15,0.16891196370124817,0.04095742478966713,0.9803516268730164,0.006782267693080113,1,1
38,melan,0,40,0.05378954857587814,0.1302427351474762,0.9803516268730164,0.006868047361949021,1,1
38,melan,0,31,0.055231720209121704,0.1302427351474762,0.9803516268730164,0.0070521891393652,1,1
38,melan,1,8,0.05210088938474655,0.14071427285671234,0.9803516268730164,0.007187289885388309,1,1
38,melan,0,24,0.05676644295454025,0.1302427351474762,0.9803516268730164,0.007248148183121182,1,1
38,melan,0,7,0.05738840624690056,0.1302427351474762,0.9803516268730164,0.0073275627434292775,1,1
38,melan,12,4,0.15305744111537933,0.052282147109508514,0.9803516268730164,0.007844941998142759,1,1
38,melan,9,16,0.07069242745637894,0.11379735171794891,0.9803516268730164,0.00788654751184964,1,1
38,melan,9,18,0.07261959463357925,0.11379735171794891,0.9803516268730164,0.00810154501657737,1,1
38,melan,9,13,0.07401058822870255,0.11379735171794891,0.9803516268730164,0.008256726235716966,1,1
38,melan,6,0,0.08552031219005585,0.10152950882911682,0.9803516268730164,0.00851223170396021,1,1
38,melan,0,21,0.06756960600614548,0.1302427351474762,0.9803516268730164,0.008627535767915969,1,1
38,melan,6,12,0.08891034871339798,0.10152950882911682,0.9803516268730164,0.008849657698236823,1,1
38,melan,0,35,0.0695415660738945,0.1302427351474762,0.9803516268730164,0.008879322880835634,1,1
38,melan,9,15,0.08054547011852264,0.11379735171794891,0.9803516268730164,0.008985766931627337,1,1
38,melan,0,22,0.07334639132022858,0.1302427351474762,0.9803516268730164,0.009365136959734234,1,1
38,melan,1,18,0.06795572489500046,0.14071427285671234,0.9803516268730164,0.009374455982608621,1,1
38,melan,0,33,0.0764239951968193,0.1302427351474762,0.9803516268730164,0.009758096739939975,1,1
38,melan,17,3,0.11600334197282791,0.09513206034898758,0.9803516268730164,0.010818804617163617,1,1
38,melan,5,13,0.16735528409481049,0.06921164691448212,0.9803516268730164,0.011355349006557354,1,1
38,melan,1,11,0.08709237724542618,0.14071427285671234,0.9803516268730164,0.01201434696148843,1,1
38,melan,8,27,0.22532683610916138,0.056262191385030746,0.9803516268730164,0.012428291653852034,1,1
38,melan,9,17,0.11476462334394455,0.11379735171794891,0.9803516268730164,0.012803304218687932,1,1
38,melan,1,15,0.09805409610271454,0.14071427285671234,0.9803516268730164,0.01352651022779391,1,1
38,melan,17,11,0.1487358659505844,0.09513206034898758,0.9803516268730164,0.013871533749958082,1,1
38,melan,6,1,0.1596778780221939,0.10152950882911682,0.9803516268730164,0.015893476776616088,1,1
38,melan,9,0,0.1537921279668808,0.11379735171794891,0.9803516268730164,0.0171572680101795,1,1
38,melan,9,10,0.1619938760995865,0.11379735171794891,0.9803516268730164,0.01807226666924692,1,1
38,melan,1,10,0.14821183681488037,0.14071427285671234,0.9803516268730164,0.020445743790820592,1,1
38,melan,5,14,0.3381591737270355,0.06921164691448212,0.9803516268730164,0.022944691936133615,1,1
38,melan,17,9,0.45918065309524536,0.09513206034898758,0.9803516268730164,0.042824505616249196,1,1
38,melan,6,8,0.4312678873538971,0.10152950882911682,0.9803516268730164,0.04292608492208763,1,1
38,melan,1,19,0.3172573447227478,0.14071427285671234,0.9803516268730164,0.043765481390391235,1,1
41,melan,0,236,0.008066324517130852,0.4118792414665222,0.7911850810050964,0.0026285950383968535,1,1
41,melan,2,36,0.05170159041881561,0.06631358712911606,0.7911850810050964,0.002712592229015834,1,1
41,h&e,4,11,0.014529013074934483,0.9060049057006836,0.20752736926078796,0.0027317568739364897,1,1
41,h&e,4,47,0.014815153554081917,0.9060049057006836,0.20752736926078796,0.002785557239920812,1,1
41,melan,0,283,0.008582135662436485,0.4118792414665222,0.7911850810050964,0.002796683814693999,1,1
41,melan,3,31,0.030073292553424835,0.12076863646507263,0.7911850810050964,0.002873513431385007,1,1
41,melan,0,106,0.008957239799201488,0.4118792414665222,0.7911850810050964,0.0029189200166579304,1,1
41,melan,3,2,0.031413886696100235,0.12076863646507263,0.7911850810050964,0.003001607662110506,1,1
41,melan,0,113,0.009226080030202866,0.4118792414665222,0.7911850810050964,0.00300652771156667,1,1
41,melan,0,122,0.00927695445716381,0.4118792414665222,0.7911850810050964,0.003023106299002226,1,1
41,melan,0,282,0.009363760240375996,0.4118792414665222,0.7911850810050964,0.003051393934910143,1,1
41,melan,0,204,0.00939613115042448,0.4118792414665222,0.7911850810050964,0.003061942731125957,1,1
41,melan,3,14,0.032948751002550125,0.12076863646507263,0.7911850810050964,0.00314826447370179,1,1
41,melan,0,202,0.009704158641397953,0.4118792414665222,0.7911850810050964,0.0031623204846794057,1,1
41,h&e,4,23,0.016835980117321014,0.9060049057006836,0.20752736926078796,0.003165514696541571,1,1
41,melan,0,211,0.009816770441830158,0.4118792414665222,0.7911850810050964,0.003199017597379543,1,1
41,melan,3,22,0.03486168757081032,0.12076863646507263,0.7911850810050964,0.0033310462197483235,1,1
41,melan,0,194,0.01069825328886509,0.4118792414665222,0.7911850810050964,0.003486268802463977,1,1
41,melan,4,35,0.012161229737102985,0.3681689500808716,0.7911850810050964,0.0035424419418653916,1,1
41,melan,0,200,0.010934535413980484,0.4118792414665222,0.7911850810050964,0.0035632666991418445,1,1
41,melan,4,17,0.01246492937207222,0.3681689500808716,0.7911850810050964,0.003630906541901844,1,1
41,melan,0,158,0.011502107605338097,0.4118792414665222,0.7911850810050964,0.0037482229878413867,1,1
41,melan,2,28,0.07153743505477905,0.06631358712911606,0.7911850810050964,0.0037533060171142784,1,1
41,melan,0,210,0.011722958646714687,0.4118792414665222,0.7911850810050964,0.003820192315427252,1,1
41,melan,0,162,0.011950254440307617,0.4118792414665222,0.7911850810050964,0.0038942618118897334,1,1
41,h&e,4,88,0.020837513729929924,0.9060049057006836,0.20752736926078796,0.00391788630610333,1,1
41,melan,0,7,0.012139612808823586,0.4118792414665222,0.7911850810050964,0.003955968536793115,1,1
41,melan,3,30,0.04208249971270561,0.12076863646507263,0.7911850810050964,0.004020997299710172,1,1
41,h&e,4,45,0.02152889221906662,0.9060049057006836,0.20752736926078796,0.0040478798528397805,1,1
41,melan,0,125,0.012687110342085361,0.4118792414665222,0.7911850810050964,0.004134383042236087,1,1
41,melan,0,133,0.01270261313766241,0.4118792414665222,0.7911850810050964,0.004139434980259231,1,1
41,melan,0,8,0.012738373130559921,0.4118792414665222,0.7911850810050964,0.004151088186090942,1,1
41,melan,4,78,0.01455390639603138,0.3681689500808716,0.7911850810050964,0.004239404200875344,1,1
41,melan,0,137,0.013020400889217854,0.4118792414665222,0.7911850810050964,0.004242993336388827,1,1
41,melan,0,57,0.013824483379721642,0.4118792414665222,0.7911850810050964,0.004505021877456232,1,1
41,melan,0,68,0.013851414434611797,0.4118792414665222,0.7911850810050964,0.004513797973324024,1,1
41,melan,4,73,0.015549262054264545,0.3681689500808716,0.7911850810050964,0.0045293411321743774,1,1
41,melan,0,30,0.014221585355699062,0.4118792414665222,0.7911850810050964,0.0046344265749209855,1,1
41,melan,0,1,0.01422405056655407,0.4118792414665222,0.7911850810050964,0.004635229919865552,1,1
41,melan,3,4,0.05158568173646927,0.12076863646507263,0.7911850810050964,0.004929029605706263,1,1
41,h&e,4,96,0.02634214237332344,0.9060049057006836,0.20752736926078796,0.004952871067800624,1,1
41,melan,0,132,0.015786290168762207,0.4118792414665222,0.7911850810050964,0.005144321174306186,1,1
41,h&e,4,97,0.027913860976696014,0.9060049057006836,0.20752736926078796,0.005248386879956107,1,1
41,h&e,4,93,0.028220754116773605,0.9060049057006836,0.20752736926078796,0.005306089178153997,1,1
41,h&e,4,57,0.028565526008605957,0.9060049057006836,0.20752736926078796,0.005370913470113509,1,1
41,melan,3,39,0.056675489991903305,0.12076863646507263,0.7911850810050964,0.0054153625324778075,1,1
41,h&e,4,72,0.029162917286157608,0.9060049057006836,0.20752736926078796,0.005483235464764117,1,1
41,melan,0,161,0.01723339781165123,0.4118792414665222,0.7911850810050964,0.005615894065037994,1,1
41,melan,0,136,0.018303506076335907,0.4118792414665222,0.7911850810050964,0.005964613146339987,1,1
41,h&e,4,99,0.032264187932014465,0.9060049057006836,0.20752736926078796,0.0060663388979472505,1,1
41,melan,4,43,0.02099178545176983,0.3681689500808716,0.7911850810050964,0.00611469257850757,1,1
41,melan,0,160,0.018855638802051544,0.4118792414665222,0.7911850810050964,0.006144538134514016,1,1
41,melan,0,100,0.019303403794765472,0.4118792414665222,0.7911850810050964,0.00629045252659135,1,1
41,melan,0,134,0.019645094871520996,0.4118792414665222,0.7911850810050964,0.006401800324106384,1,1
41,melan,2,1,0.12366943061351776,0.06631358712911606,0.7911850810050964,0.006488480020277218,1,1
41,h&e,4,17,0.03488599881529808,0.9060049057006836,0.20752736926078796,0.006559293915995083,1,1
41,melan,4,53,0.023041661828756332,0.3681689500808716,0.7911850810050964,0.006711800618603349,1,1
41,melan,0,203,0.02091309241950512,0.4118792414665222,0.7911850810050964,0.006815006122639765,1,1
41,melan,3,21,0.07156766206026077,0.12076863646507263,0.7911850810050964,0.006838314687946013,1,1
41,melan,2,27,0.1322215050458908,0.06631358712911606,0.7911850810050964,0.0069371759009899635,1,1
41,melan,0,62,0.022615408524870872,0.4118792414665222,0.7911850810050964,0.007369744486915134,1,1
41,h&e,4,39,0.04048171266913414,0.9060049057006836,0.20752736926078796,0.007611404593159384,1,1
41,h&e,4,46,0.0407007560133934,0.9060049057006836,0.20752736926078796,0.007652589301183537,1,1
41,h&e,4,40,0.04202229157090187,0.9060049057006836,0.20752736926078796,0.00790106549325218,1,1
41,melan,0,214,0.024856211617588997,0.4118792414665222,0.7911850810050964,0.008099961065610171,1,1
41,melan,0,83,0.025176692754030228,0.4118792414665222,0.7911850810050964,0.00820439712237433,1,1
41,melan,0,196,0.026132777333259583,0.4118792414665222,0.7911850810050964,0.008515958996176048,1,1
41,melan,0,213,0.026404932141304016,0.4118792414665222,0.7911850810050964,0.008604646821291705,1,1
41,melan,4,20,0.030249085277318954,0.3681689500808716,0.7911850810050964,0.008811249413578129,1,1
41,h&e,4,104,0.047315847128629684,0.9060049057006836,0.20752736926078796,0.008896364121438793,1,1
41,melan,0,82,0.027999524027109146,0.4118792414665222,0.7911850810050964,0.009124280802095909,1,1
41,h&e,4,12,0.04859364777803421,0.9060049057006836,0.20752736926078796,0.009136617240458516,1,1
41,melan,0,216,0.0287459809333086,0.4118792414665222,0.7911850810050964,0.00936753073778172,1,1
41,h&e,4,34,0.052732765674591064,0.9060049057006836,0.20752736926078796,0.009914857559166722,1,1
41,melan,4,45,0.035718753933906555,0.3681689500808716,0.7911850810050964,0.010404507996473559,1,1
41,h&e,4,92,0.055513788014650345,0.9060049057006836,0.20752736926078796,0.010437747645013944,1,1
41,h&e,4,28,0.05868694558739662,0.9060049057006836,0.20752736926078796,0.011034367316751168,1,1
41,h&e,4,103,0.058744270354509354,0.9060049057006836,0.20752736926078796,0.011045145566161459,1,1
41,melan,0,304,0.03394584730267525,0.4118792414665222,0.7911850810050964,0.011062025288529793,1,1
41,h&e,4,100,0.06204511597752571,0.9060049057006836,0.20752736926078796,0.011665773249127378,1,1
41,h&e,4,50,0.0634826198220253,0.9060049057006836,0.20752736926078796,0.011936053892985878,1,1
41,melan,4,9,0.048568595200777054,0.3681689500808716,0.7911850810050964,0.014147535439758942,1,1
41,melan,0,46,0.04737754911184311,0.4118792414665222,0.7911850810050964,0.0154390503707494,1,1
41,melan,4,33,0.06109261140227318,0.3681689500808716,0.7911850810050964,0.017795653371239627,1,1
41,melan,2,37,0.4446278512477875,0.06631358712911606,0.7911850810050964,0.023327987482176682,1,1
41,melan,4,69,0.43387964367866516,0.3681689500808716,0.7911850810050964,0.1263847062110557,1,1
46,sox10,0,71,0.09134187549352646,1.0,0.220602884888649,0.020150281245011725,0,0
46,sox10,0,30,0.10248470306396484,1.0,0.220602884888649,0.02260842115286721,0,0
46,melan,0,11,0.033492378890514374,1.0,0.7205346822738647,0.02413242058247267,0,0
46,melan,0,10,0.038315463811159134,1.0,0.7205346822738647,0.02760762054334931,0,0
46,melan,0,58,0.040497761219739914,1.0,0.7205346822738647,0.02918004151326814,0,0
46,melan,0,15,0.05192963033914566,1.0,0.7205346822738647,0.037417099697015566,0,0
46,melan,0,19,0.07305202633142471,1.0,0.7205346822738647,0.05263651858217511,0,0
46,melan,0,60,0.1204548180103302,1.0,0.7205346822738647,0.08679187402342947,0,0
46,melan,0,61,0.1204548180103302,1.0,0.7205346822738647,0.08679187402342947,0,0
46,melan,0,18,0.27119943499565125,1.0,0.7205346822738647,0.1954085987274432,0,0
51,melan,0,39,0.013378397561609745,0.5904929637908936,0.9783115983009338,0.007728514514856774,1,1
51,melan,0,112,0.014220856130123138,0.5904929637908936,0.9783115983009338,0.008215191132511257,1,1
51,melan,0,15,0.01501321792602539,0.5904929637908936,0.9783115983009338,0.008672927540212367,1,1
51,melan,0,40,0.015333743765950203,0.5904929637908936,0.9783115983009338,0.008858090867497097,1,1
51,melan,0,173,0.015623739920556545,0.5904929637908936,0.9783115983009338,0.009025617619472173,1,1
51,melan,1,64,0.02295840159058571,0.40950700640678406,0.9783115983009338,0.009197720059269455,1,1
51,melan,0,131,0.017669184133410454,0.5904929637908936,0.9783115983009338,0.010207242340637144,1,1
51,melan,1,4,0.025792738422751427,0.40950700640678406,0.9783115983009338,0.010333227539312267,1,1
51,melan,0,41,0.018083523958921432,0.5904929637908936,0.9783115983009338,0.010446600704805797,1,1
51,melan,0,5,0.019126003608107567,0.5904929637908936,0.9783115983009338,0.011048826723510567,1,1
51,melan,0,8,0.01998484879732132,0.5904929637908936,0.9783115983009338,0.01154496966441856,1,1
51,melan,0,60,0.02011309564113617,0.5904929637908936,0.9783115983009338,0.011619056085407562,1,1
51,melan,0,103,0.02065424434840679,0.5904929637908936,0.9783115983009338,0.011931670179851752,1,1
51,melan,0,6,0.02173120342195034,0.5904929637908936,0.9783115983009338,0.012553814483267603,1,1
51,melan,0,129,0.021937912330031395,0.5904929637908936,0.9783115983009338,0.012673227349352471,1,1
51,melan,0,67,0.022432425990700722,0.5904929637908936,0.9783115983009338,0.012958901024893773,1,1
51,melan,0,11,0.022786946967244148,0.5904929637908936,0.9783115983009338,0.01316370287058712,1,1
51,melan,1,41,0.03472166135907173,0.40950700640678406,0.9783115983009338,0.013910381343989189,1,1
51,melan,0,106,0.026560531929135323,0.5904929637908936,0.9783115983009338,0.015343650507567945,1,1
51,melan,0,95,0.02696903795003891,0.5904929637908936,0.9783115983009338,0.015579638763816168,1,1
51,melan,0,34,0.030074095353484154,0.5904929637908936,0.9783115983009338,0.017373387312659753,1,1
51,melan,0,4,0.030362406745553017,0.5904929637908936,0.9783115983009338,0.017539940800709534,1,1
51,melan,0,105,0.030386246740818024,0.5904929637908936,0.9783115983009338,0.017553712834960364,1,1
51,melan,1,35,0.04716729745268822,0.40950700640678406,0.9783115983009338,0.01889641995373127,1,1
51,melan,0,107,0.03393848240375519,0.5904929637908936,0.9783115983009338,0.019605790055328035,1,1
51,melan,0,10,0.036081280559301376,0.5904929637908936,0.9783115983009338,0.020843654797445505,1,1
51,melan,0,7,0.03697994351387024,0.5904929637908936,0.9783115983009338,0.02136279990853711,1,1
51,melan,1,63,0.05388255789875984,0.40950700640678406,0.9783115983009338,0.021586724218353028,1,1
51,melan,0,102,0.04162371903657913,0.5904929637908936,0.9783115983009338,0.02404544455007323,1,1
51,melan,0,104,0.04363522306084633,0.5904929637908936,0.9783115983009338,0.025207462495544668,1,1
51,melan,1,12,0.0634639710187912,0.40950700640678406,0.9783115983009338,0.025425282199079233,1,1
51,melan,0,9,0.04707028344273567,0.5904929637908936,0.9783115983009338,0.02719184918300732,1,1
51,melan,0,96,0.06024493649601936,0.5904929637908936,0.9783115983009338,0.03480266332435757,1,1
51,melan,1,68,0.0870896726846695,0.40950700640678406,0.9783115983009338,0.034890339653935815,1,1
51,melan,1,23,0.14261871576309204,0.40950700640678406,0.9783115983009338,0.05713668774481852,1,1
51,melan,1,67,0.16591568291187286,0.40950700640678406,0.9783115983009338,0.06647004578453283,1,1
51,melan,1,62,0.16839781403541565,0.40950700640678406,0.9783115983009338,0.06746445069267365,1,1
57,melan,2,199,0.010873552411794662,0.33145785331726074,0.9945297837257385,0.0035844090007251584,1,1
57,melan,1,108,0.015468395315110683,0.2360837608575821,0.9945297837257385,0.003631860602560682,1,1
57,melan,1,125,0.015631062909960747,0.2360837608575821,0.9945297837257385,0.00367005370643566,1,1
57,melan,2,193,0.011151878163218498,0.33145785331726074,0.9945297837257385,0.0036761576115522,1,1
57,melan,1,128,0.015755148604512215,0.2360837608575821,0.9945297837257385,0.0036991880759809363,1,1
57,melan,2,200,0.011690699495375156,0.33145785331726074,0.9945297837257385,0.0038537772118099854,1,1
57,melan,1,5,0.016439102590084076,0.2360837608575821,0.9945297837257385,0.0038597752269788304,1,1
57,melan,2,125,0.012519482523202896,0.33145785331726074,0.9945297837257385,0.0041269811503288865,1,1
57,melan,2,145,0.013312330469489098,0.33145785331726074,0.9945297837257385,0.00438833927941576,1,1
57,melan,1,121,0.019395174458622932,0.2360837608575821,0.9945297837257385,0.004553838233449608,1,1
57,melan,1,116,0.02007761411368847,0.2360837608575821,0.9945297837257385,0.004714069831257069,1,1
57,melan,2,53,0.014552057720720768,0.33145785331726074,0.9945297837257385,0.004797008806123421,1,1
57,melan,1,50,0.020584801211953163,0.2360837608575821,0.9945297837257385,0.004833153472629693,1,1
57,melan,1,126,0.021080361679196358,0.2360837608575821,0.9945297837257385,0.004949507270195813,1,1
57,melan,1,26,0.02110244147479534,0.2360837608575821,0.9945297837257385,0.004954691436886344,1,1
57,melan,1,186,0.021541651338338852,0.2360837608575821,0.9945297837257385,0.005057814544821235,1,1
57,melan,1,105,0.021585315465927124,0.2360837608575821,0.9945297837257385,0.005068066547146138,1,1
57,melan,1,109,0.022868210449814796,0.2360837608575821,0.9945297837257385,0.005369280451645514,1,1
57,melan,1,19,0.02412964031100273,0.2360837608575821,0.9945297837257385,0.005665454509937564,1,1
57,melan,1,29,0.025882432237267494,0.2360837608575821,0.9945297837257385,0.006076996613161985,1,1
57,melan,0,3,0.014603777788579464,0.43245843052864075,0.9945297837257385,0.006280979524634557,1,1
57,melan,1,14,0.029730623587965965,0.2360837608575821,0.9945297837257385,0.006980522432938756,1,1
57,melan,2,164,0.023175567388534546,0.33145785331726074,0.9945297837257385,0.007639703125380438,1,1
57,melan,1,49,0.03321206197142601,0.2360837608575821,0.9945297837257385,0.007797937468406553,1,1
57,melan,2,113,0.023720940575003624,0.33145785331726074,0.9945297837257385,0.007819482509734486,1,1
57,melan,0,11,0.018424127250909805,0.43245843052864075,0.9945297837257385,0.00792408428130996,1,1
57,melan,0,4,0.02056574448943138,0.43245843052864075,0.9945297837257385,0.008845178413218609,1,1
57,melan,0,2,0.020682847127318382,0.43245843052864075,0.9945297837257385,0.008895543413391657,1,1
57,melan,1,22,0.038457296788692474,0.2360837608575821,0.9945297837257385,0.009029478381082881,1,1
57,melan,2,123,0.027737345546483994,0.33145785331726074,0.9945297837257385,0.00914346915044958,1,1
57,melan,1,48,0.03917606174945831,0.2360837608575821,0.9945297837257385,0.009198238882112773,1,1
57,melan,1,99,0.04084917530417442,0.2360837608575821,0.9945297837257385,0.009591073114701056,1,1
57,melan,1,6,0.04099318012595177,0.2360837608575821,0.9945297837257385,0.009624884342571667,1,1
57,melan,0,20,0.022505000233650208,0.43245843052864075,0.9945297837257385,0.009679238325578671,1,1
57,melan,0,12,0.023398039862513542,0.43245843052864075,0.9945297837257385,0.010063328230586975,1,1
57,melan,0,17,0.024076048284769058,0.43245843052864075,0.9945297837257385,0.010354934764140709,1,1
57,melan,1,4,0.044696517288684845,0.2360837608575821,0.9945297837257385,0.010494399509810131,1,1
57,melan,1,189,0.0452817901968956,0.2360837608575821,0.9945297837257385,0.010631817100566961,1,1
57,melan,0,14,0.02911006659269333,0.43245843052864075,0.9945297837257385,0.01252002974000609,1,1
57,melan,1,127,0.05420229956507683,0.2360837608575821,0.9945297837257385,0.012726284294421391,1,1
57,melan,1,55,0.055030010640621185,0.2360837608575821,0.9945297837257385,0.012920624507761819,1,1
57,melan,0,15,0.030238090083003044,0.43245843052864075,0.9945297837257385,0.013005184509444094,1,1
57,melan,1,56,0.05619190260767937,0.2360837608575821,0.9945297837257385,0.013193427831805916,1,1
57,melan,2,160,0.05150612071156502,0.33145785331726074,0.9945297837257385,0.016978720079622908,1,1
57,melan,2,148,0.07448354363441467,0.33145785331726074,0.9945297837257385,0.02455310593063454,1,1
57,melan,0,10,0.05722114071249962,0.43245843052864075,0.9945297837257385,0.02461040002077455,1,1
57,melan,0,23,0.05864833667874336,0.43245843052864075,0.9945297837257385,0.025224226714893945,1,1
57,melan,0,21,0.06191350892186165,0.43245843052864075,0.9945297837257385,0.02662855375275597,1,1
57,melan,0,22,0.06273684650659561,0.43245843052864075,0.9945297837257385,0.026982665311178905,1,1
57,melan,0,8,0.06860510259866714,0.43245843052864075,0.9945297837257385,0.029506559942637726,1,1
57,melan,0,9,0.06885241717100143,0.43245843052864075,0.9945297837257385,0.0296129281569083,1,1
57,melan,0,18,0.07606298476457596,0.43245843052864075,0.9945297837257385,0.032714141286270794,1,1
57,melan,0,5,0.07789896428585052,0.43245843052864075,0.9945297837257385,0.03350378283982772,1,1
57,melan,0,7,0.07818000763654709,0.43245843052864075,0.9945297837257385,0.03362465755846663,1,1
57,melan,0,16,0.08257824927568436,0.43245843052864075,0.9945297837257385,0.03551630957342813,1,1
57,melan,0,6,0.08765818178653717,0.43245843052864075,0.9945297837257385,0.03770115191690339,1,1
57,melan,2,101,0.1302383989095688,0.33145785331726074,0.9945297837257385,0.04293239887133103,1,1
61,melan,0,17,0.00955932680517435,1.0,0.7721676230430603,0.00738140265704329,1,0
61,melan,0,90,0.009575619362294674,1.0,0.7721676230430603,0.007393983242148183,1,0
61,melan,0,19,0.009580583311617374,1.0,0.7721676230430603,0.007397816243097599,1,0
61,h&e,0,218,0.10917245596647263,1.0,0.06872287392616272,0.007502644927593449,1,0
61,melan,0,144,0.009902432560920715,1.0,0.7721676230430603,0.007646337812910353,1,0
61,melan,0,154,0.01002182811498642,1.0,0.7721676230430603,0.007738531194095177,1,0
61,melan,0,120,0.010251280851662159,1.0,0.7721676230430603,0.007915707168374808,1,0
61,melan,0,104,0.010477687232196331,1.0,0.7721676230430603,0.008090530845073662,1,0
61,melan,0,215,0.010659845545887947,1.0,0.7721676230430603,0.00823118759717445,1,0
61,melan,0,14,0.010740365833044052,1.0,0.7721676230430603,0.008293362755914524,1,0
61,melan,0,106,0.010751116089522839,1.0,0.7721676230430603,0.008301663755906852,1,0
61,melan,0,10,0.010922652669250965,1.0,0.7721676230430603,0.008434118748940456,1,0
61,melan,0,18,0.010945137590169907,1.0,0.7721676230430603,0.008451480876880746,1,0
61,melan,0,22,0.011180143803358078,1.0,0.7721676230430603,0.008632945065918607,1,0
61,melan,0,88,0.011440142057836056,1.0,0.7721676230430603,0.008833707300074212,1,0
61,melan,0,75,0.011688323691487312,1.0,0.7721676230430603,0.009025345122213646,1,0
61,melan,0,241,0.011754952371120453,1.0,0.7721676230430603,0.009076793631392466,1,0
61,melan,0,138,0.011867910623550415,1.0,0.7721676230430603,0.009164016336674408,1,0
61,melan,0,15,0.011940032243728638,1.0,0.7721676230430603,0.00921970631669744,1,0
61,melan,0,182,0.01205659843981266,1.0,0.7721676230430603,0.009309714959254811,1,0
61,melan,0,65,0.012073365971446037,1.0,0.7721676230430603,0.009322662304300455,1,0
61,melan,0,66,0.012122374027967453,1.0,0.7721676230430603,0.009360504738814557,1,0
61,melan,0,197,0.012323807924985886,1.0,0.7721676230430603,0.00951604547227558,1,0
61,melan,0,112,0.012331035919487476,1.0,0.7721676230430603,0.009521626695609242,1,0
61,melan,0,216,0.012537338770925999,1.0,0.7721676230430603,0.009680927078031532,1,0
61,melan,0,161,0.013131747022271156,1.0,0.7721676230430603,0.010139909884589904,1,0
61,melan,0,237,0.013579490594565868,1.0,0.7721676230430603,0.01048564297454152,1,0
61,melan,0,198,0.013778633438050747,1.0,0.7721676230430603,0.010639414630641275,1,0
61,melan,0,186,0.013822230510413647,1.0,0.7721676230430603,0.010673078878379372,1,0
61,melan,0,217,0.013904044404625893,1.0,0.7721676230430603,0.010736252918605138,1,0
61,melan,0,21,0.01443343423306942,1.0,0.7721676230430603,0.01114503060409755,1,0
61,melan,0,226,0.014487209729850292,1.0,0.7721676230430603,0.011186554301624796,1,0
61,melan,0,238,0.014996986836194992,1.0,0.7721676230430603,0.011580187678112752,1,0
61,melan,0,132,0.015105114318430424,1.0,0.7721676230430603,0.011663680219056116,1,0
61,melan,0,228,0.01513806264847517,1.0,0.7721676230430603,0.011689121852750006,1,0
61,melan,0,160,0.015176346525549889,1.0,0.7721676230430603,0.011718683423111664,1,0
61,melan,0,105,0.015814846381545067,1.0,0.7721676230430603,0.012211712339228797,1,0
61,melan,0,224,0.01625891588628292,1.0,0.7721676230430603,0.012554608433168135,1,0
61,melan,0,230,0.01640653796494007,1.0,0.7721676230430603,0.012668597422753503,1,0
61,melan,0,64,0.017108270898461342,1.0,0.7721676230430603,0.013210452874041656,1,0
68,melan,2,3,0.01216048188507557,0.6991098523139954,0.798340380191803,0.006787100876925925,1,1
68,h&e,0,109,0.048509858548641205,0.8161731958389282,0.17305397987365723,0.006851630401919667,1,1
68,melan,0,63,0.04638015851378441,0.20687028765678406,0.798340380191803,0.007659817871091204,1,1
68,melan,0,150,0.04815676063299179,0.20687028765678406,0.798340380191803,0.007953228870505506,1,1
68,melan,2,6,0.014404709450900555,0.6991098523139954,0.798340380191803,0.008039666278855096,1,1
68,melan,0,139,0.051627907902002335,0.20687028765678406,0.798340380191803,0.008526498922535495,1,1
68,melan,2,0,0.016026567667722702,0.6991098523139954,0.798340380191803,0.008944870153970668,1,1
68,melan,1,5,0.12714999914169312,0.09401985257863998,0.798340380191803,0.009543859208661106,1,1
68,melan,0,3,0.06257377564907074,0.20687028765678406,0.798340380191803,0.01033424076883981,1,1
68,melan,1,11,0.14079245924949646,0.09401985257863998,0.798340380191803,0.010567860147768914,1,1
68,melan,1,22,0.1427239328622818,0.09401985257863998,0.798340380191803,0.010712836257482648,1,1
68,melan,2,10,0.021873530000448227,0.6991098523139954,0.798340380191803,0.01220822135590765,1,1
68,melan,1,20,0.1628083437681198,0.09401985257863998,0.798340380191803,0.012220369024042943,1,1
68,h&e,0,44,0.11371584981679916,0.8161731958389282,0.17305397987365723,0.016061456312095067,1,1
68,melan,2,2,0.03459926322102547,0.6991098523139954,0.798340380191803,0.019310804618410362,1,1
68,melan,2,7,0.0389191173017025,0.6991098523139954,0.798340380191803,0.021721834518067414,1,1
68,melan,2,8,0.04245297610759735,0.6991098523139954,0.798340380191803,0.0236941787415194,1,1
68,melan,2,11,0.04605632647871971,0.6991098523139954,0.798340380191803,0.02570530812724966,1,1
68,melan,2,14,0.04928481951355934,0.6991098523139954,0.798340380191803,0.027507219278057077,1,1
68,melan,2,5,0.06390763819217682,0.6991098523139954,0.798340380191803,0.03566861834223213,1,1
68,h&e,0,45,0.2609735131263733,0.8161731958389282,0.17305397987365723,0.03686042610987012,1,1
68,melan,2,9,0.07368852943181992,0.6991098523139954,0.798340380191803,0.04112760394305532,1,1
68,melan,2,12,0.1326862871646881,0.6991098523139954,0.798340380191803,0.074055882364065,1,1
68,melan,2,13,0.1478564292192459,0.6991098523139954,0.798340380191803,0.08252275772432054,1,1
68,melan,2,4,0.2951427400112152,0.6991098523139954,0.798340380191803,0.16472731660468987,1,1
75,sox10,0,76,0.21619734168052673,1.0,0.0162966325879097,0.0035232886438503197,1,1
75,melan,0,134,0.0038151172921061516,1.0,0.9755984544754028,0.0037220225338211455,1,1
75,melan,0,108,0.003847775049507618,1.0,0.9755984544754028,0.0037538833914686487,1,1
75,melan,0,87,0.004203471355140209,1.0,0.9755984544754028,0.004100900157506415,1,1
75,melan,0,8,0.004442502278834581,1.0,0.9755984544754028,0.004334098357234473,1,1
75,sox10,0,0,0.26925450563430786,1.0,0.0162966325879097,0.004387941750961577,1,1
75,melan,0,156,0.005072428844869137,1.0,0.9755984544754028,0.004948653741490783,1,1
75,melan,0,121,0.0056053996086120605,1.0,0.9755984544754028,0.005468619194878954,1,1
75,melan,0,44,0.0056578414514660835,1.0,0.9755984544754028,0.005519781375717181,1,1
75,melan,0,123,0.005708984099328518,1.0,0.9755984544754028,0.005569676063929552,1,1
75,melan,0,125,0.006457293406128883,1.0,0.9755984544754028,0.006299725467113548,1,1
75,melan,0,130,0.007034142967313528,1.0,0.9755984544754028,0.006862499007470102,1,1
75,melan,0,100,0.007461116649210453,1.0,0.9755984544754028,0.007279053871630414,1,1
75,melan,0,105,0.007785243447870016,1.0,0.9755984544754028,0.007595271475456744,1,1
75,melan,0,27,0.007900186814367771,1.0,0.9755984544754028,0.007707410046164154,1,1
75,melan,0,137,0.008090940304100513,1.0,0.9755984544754028,0.007893508855933207,1,1
75,melan,0,165,0.009357256814837456,1.0,0.9755984544754028,0.009128925286684852,1,1
75,melan,0,49,0.010630919598042965,1.0,0.9755984544754028,0.010371508729502987,1,1
75,melan,0,109,0.01214674860239029,1.0,0.9755984544754028,0.011850349163393226,1,1
75,melan,0,118,0.013211870566010475,1.0,0.9755984544754028,0.012889480504928885,1,1
75,melan,0,154,0.013732638210058212,1.0,0.9755984544754028,0.013397540613602654,1,1
75,melan,0,136,0.017484620213508606,1.0,0.9755984544754028,0.017057968457388384,1,1
75,melan,0,135,0.01824023388326168,1.0,0.9755984544754028,0.01779514398577997,1,1
75,melan,0,131,0.020132094621658325,1.0,0.9755984544754028,0.019640840398242432,1,1
75,melan,0,119,0.02256334014236927,1.0,0.9755984544754028,0.022012759770698276,1,1
75,melan,0,129,0.023347774520516396,1.0,0.9755984544754028,0.022778052737655985,1,1
75,melan,0,107,0.03136883303523064,1.0,0.9755984544754028,0.03060338502786797,1,1
75,melan,0,120,0.03148537501692772,1.0,0.9755984544754028,0.030717083205093143,1,1
75,melan,0,140,0.03954802080988884,1.0,0.9755984544754028,0.03858298797968862,1,1
75,melan,0,155,0.04259948432445526,1.0,0.9755984544754028,0.0415599910683877,1,1
75,melan,0,111,0.04539039358496666,1.0,0.9755984544754028,0.04428279782952371,1,1
75,melan,0,153,0.04784933105111122,1.0,0.9755984544754028,0.04668173342114601,1,1
75,melan,0,113,0.05353320389986038,1.0,0.9755984544754028,0.052226910987820396,1,1
75,melan,0,110,0.07798514515161514,1.0,0.9755984544754028,0.07608218708195569,1,1
75,melan,0,141,0.09223951399326324,1.0,0.9755984544754028,0.08998872729338991,1,1
75,melan,0,89,0.1492694467306137,1.0,0.9755984544754028,0.1456270415307852,1,1
85,melan,0,138,0.005081406328827143,1.0,0.6769892573356628,0.0034400574967734243,0,0
85,melan,0,76,0.005558001808822155,1.0,0.6769892573356628,0.0037627075168247814,0,0
85,melan,0,41,0.006126777734607458,1.0,0.6769892573356628,0.004147762708412578,0,0
85,melan,0,117,0.006961113307625055,1.0,0.6769892573356628,0.004712598928358486,0,0
85,melan,0,40,0.007073105312883854,1.0,0.6769892573356628,0.004788416312826171,0,0
85,melan,0,38,0.007250667549669743,1.0,0.6769892573356628,0.004908624039638709,0,0
85,sox10,0,122,0.018604809418320656,1.0,0.2661282420158386,0.004951265223537393,0,0
85,sox10,0,100,0.02345847152173519,1.0,0.2661282420158386,0.006242961786458001,0,0
85,sox10,0,111,0.024441543966531754,1.0,0.2661282420158386,0.006504585127965923,0,0
85,h&e,2,59,0.5718477368354797,0.27788710594177246,0.056882478296756744,0.009039144150251152,0,0
85,sox10,0,104,0.03757337108254433,1.0,0.2661282420158386,0.009999335192806269,0,0
85,melan,0,123,0.01617281511425972,1.0,0.6769892573356628,0.010948822093229671,0,0
85,sox10,0,108,0.04117976501584053,1.0,0.2661282420158386,0.010959098470290973,0,0
85,melan,0,17,0.017237508669495583,1.0,0.6769892573356628,0.011669608192478864,0,0
85,sox10,0,107,0.04909097030758858,1.0,0.2661282420158386,0.01306449362681028,0,0
85,melan,0,118,0.020292645320296288,1.0,0.6769892573356628,0.013737902884763398,0,0
85,h&e,1,22,0.500417172908783,0.5515199303627014,0.056882478296756744,0.015698997708141482,0,0
85,sox10,0,110,0.07082922756671906,1.0,0.2661282420158386,0.018849657815670717,0,0
85,melan,0,120,0.03414100036025047,1.0,0.6769892573356628,0.023113090478582565,0,0
85,melan,0,164,0.036173392087221146,1.0,0.6769892573356628,0.024488997844439586,0,0
85,melan,0,33,0.040766749531030655,1.0,0.6769892573356628,0.027598651489001425,0,0
85,melan,0,137,0.04405656456947327,1.0,0.6769892573356628,0.029825820928648383,0,0
85,sox10,0,121,0.19140906631946564,1.0,0.2661282420158386,0.050939358325492456,0,0
85,sox10,0,124,0.3195197284221649,1.0,0.2661282420158386,0.08503322361436894,0,0
85,melan,0,5,0.1292179375886917,1.0,0.6769892573356628,0.08747915560261443,0,0
85,melan,0,163,0.15315929055213928,1.0,0.6769892573356628,0.10368719436494978,0,0
85,melan,0,115,0.15382595360279083,1.0,0.6769892573356628,0.1041385180885035,0,0
85,melan,0,114,0.18254196643829346,1.0,0.6769892573356628,0.12357895029165178,0,0
87,melan,1,214,0.010438168421387672,0.48526209592819214,0.9814558029174805,0.0049713165381653785,1,1
87,melan,1,49,0.010512266308069229,0.48526209592819214,0.9814558029174805,0.005006606642198223,1,1
87,melan,0,151,0.010597972199320793,0.5147379636764526,0.9814558029174805,0.005354016721361924,1,1
87,melan,0,150,0.01075290609151125,0.5147379636764526,0.9814558029174805,0.005432288171210278,1,1
87,melan,0,213,0.010954147204756737,0.5147379636764526,0.9814558029174805,0.005533953684676229,1,1
87,melan,1,98,0.012020600959658623,0.48526209592819214,0.9814558029174805,0.005724971080845345,1,1
87,melan,0,180,0.011660805903375149,0.5147379636764526,0.9814558029174805,0.0058909524026895975,1,1
87,melan,0,231,0.01169670931994915,0.5147379636764526,0.9814558029174805,0.0059090905416727835,1,1
87,melan,0,167,0.01173678133636713,0.5147379636764526,0.9814558029174805,0.005929334626288735,1,1
87,melan,0,215,0.0117524154484272,0.5147379636764526,0.9814558029174805,0.00593723286340608,1,1
87,melan,1,99,0.012538239359855652,0.48526209592819214,0.9814558029174805,0.0059715032535219426,1,1
87,melan,1,83,0.012548440136015415,0.48526209592819214,0.9814558029174805,0.005976361508838196,1,1
87,melan,1,55,0.01270144060254097,0.48526209592819214,0.9814558029174805,0.006049230015924844,1,1
87,melan,0,134,0.01216669287532568,0.5147379636764526,0.9814558029174805,0.006146522737844456,1,1
87,melan,1,117,0.013234960846602917,0.48526209592819214,0.9814558029174805,0.006303326127970388,1,1
87,melan,0,175,0.013401362113654613,0.5147379636764526,0.9814558029174805,0.006770268452877371,1,1
87,melan,1,126,0.014455699361860752,0.48526209592819214,0.9814558029174805,0.006884719081665414,1,1
87,melan,0,153,0.013792340643703938,0.5147379636764526,0.9814558029174805,0.006967787897937978,1,1
87,melan,0,181,0.013894222676753998,0.5147379636764526,0.9814558029174805,0.0070192579431784564,1,1
87,melan,1,47,0.014891238883137703,0.48526209592819214,0.9814558029174805,0.007092150571342498,1,1
87,melan,0,176,0.01415066048502922,0.5147379636764526,0.9814558029174805,0.007148808416389071,1,1
87,melan,1,184,0.015018709003925323,0.48526209592819214,0.9814558029174805,0.007152859911718249,1,1
87,melan,0,152,0.014373374171555042,0.5147379636764526,0.9814558029174805,0.0072613217141510545,1,1
87,melan,0,233,0.01440166961401701,0.5147379636764526,0.9814558029174805,0.007275616361205273,1,1
87,melan,1,48,0.016532480716705322,0.48526209592819214,0.9814558029174805,0.007873813823070225,1,1
87,melan,1,77,0.017252901569008827,0.48526209592819214,0.9814558029174805,0.008216923835566029,1,1
87,melan,1,133,0.017781967297196388,0.48526209592819214,0.9814558029174805,0.008468898425181403,1,1
87,melan,0,137,0.017660893499851227,0.5147379636764526,0.9814558029174805,0.00892215202437081,1,1
87,melan,0,138,0.017923548817634583,0.5147379636764526,0.9814558029174805,0.009054843537135567,1,1
87,melan,1,51,0.019098591059446335,0.48526209592819214,0.9814558029174805,0.009095958003028733,1,1
87,melan,1,115,0.019478973001241684,0.48526209592819214,0.9814558029174805,0.009277119961882746,1,1
87,melan,1,58,0.019522858783602715,0.48526209592819214,0.9814558029174805,0.009298021149412417,1,1
87,melan,1,44,0.019922224804759026,0.48526209592819214,0.9814558029174805,0.009488224528550051,1,1
87,melan,1,65,0.020412227138876915,0.48526209592819214,0.9814558029174805,0.009721594657197205,1,1
87,melan,1,140,0.02066974528133869,0.48526209592819214,0.9814558029174805,0.00984424109753196,1,1
87,melan,1,111,0.020909195765852928,0.48526209592819214,0.9814558029174805,0.009958282575469627,1,1
87,melan,0,141,0.020775500684976578,0.5147379636764526,0.9814558029174805,0.010495628406079363,1,1
87,melan,0,177,0.02090778574347496,0.5147379636764526,0.9814558029174805,0.010562457833621367,1,1
87,melan,0,274,0.0213989969342947,0.5147379636764526,0.9814558029174805,0.010810614073315744,1,1
87,melan,1,167,0.022840777412056923,0.48526209592819214,0.9814558029174805,0.010878224024480472,1,1
87,melan,1,59,0.023049253970384598,0.48526209592819214,0.9814558029174805,0.010977513758119048,1,1
87,melan,0,194,0.022307014092803,0.5147379636764526,0.9814558029174805,0.011269337587446924,1,1
87,melan,0,211,0.022364547476172447,0.5147379636764526,0.9814558029174805,0.011298403024759193,1,1
87,melan,1,41,0.02471490204334259,0.48526209592819214,0.9814558029174805,0.011770800805959051,1,1
87,melan,0,218,0.02356257662177086,0.5147379636764526,0.9814558029174805,0.011903638437494464,1,1
87,melan,0,178,0.02428995445370674,0.5147379636764526,0.9814558029174805,0.01227110430753914,1,1
87,melan,1,3,0.025881819427013397,0.48526209592819214,0.9814558029174805,0.012326560729915531,1,1
87,melan,0,162,0.024614274501800537,0.5147379636764526,0.9814558029174805,0.012434948383359451,1,1
87,melan,0,144,0.02611180767416954,0.5147379636764526,0.9814558029174805,0.013191491002538209,1,1
87,melan,0,161,0.027035903185606003,0.5147379636764526,0.9814558029174805,0.013658337180968778,1,1
87,melan,1,19,0.029039699584245682,0.48526209592819214,0.9814558029174805,0.01383054315455494,1,1
87,melan,0,195,0.02802092768251896,0.5147379636764526,0.9814558029174805,0.01415596422963768,1,1
87,melan,0,169,0.029818423092365265,0.5147379636764526,0.9814558029174805,0.015064045539900525,1,1
87,melan,0,193,0.029997413977980614,0.5147379636764526,0.9814558029174805,0.015154470403877558,1,1
87,melan,0,196,0.03001168556511402,0.5147379636764526,0.9814558029174805,0.015161680303537187,1,1
87,melan,0,197,0.03024291805922985,0.5147379636764526,0.9814558029174805,0.015278497239525915,1,1
87,melan,1,218,0.032854996621608734,0.48526209592819214,0.9814558029174805,0.015647629111991024,1,1
87,melan,0,159,0.034036118537187576,0.5147379636764526,0.9814558029174805,0.017194793905011153,1,1
87,melan,1,132,0.037187255918979645,0.48526209592819214,0.9814558029174805,0.017710925221345958,1,1
87,melan,1,45,0.037193551659584045,0.48526209592819214,0.9814558029174805,0.01771392365154206,1,1
87,melan,1,107,0.03894388675689697,0.48526209592819214,0.9814558029174805,0.01854754402106722,1,1
87,melan,0,139,0.03938232362270355,0.5147379636764526,0.9814558029174805,0.019895656946104727,1,1
87,melan,1,56,0.04237841069698334,0.48526209592819214,0.9814558029174805,0.020183281726648943,1,1
87,melan,1,20,0.04320942983031273,0.48526209592819214,0.9814558029174805,0.02057906564143876,1,1
87,melan,0,163,0.04268232733011246,0.5147379636764526,0.9814558029174805,0.021562794271786326,1,1
87,melan,0,160,0.043385352939367294,0.5147379636764526,0.9814558029174805,0.0219179575800782,1,1
87,melan,1,108,0.04675302654504776,0.48526209592819214,0.9814558029174805,0.022266750706613134,1,1
93,melan,0,8,0.02336430735886097,1.0,0.3101068139076233,0.007245430914214812,0,0
93,melan,0,146,0.02345839887857437,1.0,0.3101068139076233,0.0072746093356088615,0,0
93,melan,0,69,0.02347751148045063,1.0,0.3101068139076233,0.007280536283682193,0,0
93,h&e,1,50,0.029758784919977188,0.924152672290802,0.26860225200653076,0.007387007973207719,0,0
93,melan,0,159,0.025678426027297974,1.0,0.3101068139076233,0.007963054881487963,0,0
93,melan,0,25,0.027470167726278305,1.0,0.3101068139076233,0.008518686191104186,0,0
93,sox10,0,127,0.02191697247326374,1.0,0.4212909936904907,0.009233423111948413,0,0
93,sox10,0,95,0.02265135943889618,1.0,0.4212909936904907,0.009542813726453048,0,0
93,melan,0,157,0.0312625952064991,1.0,0.3101068139076233,0.009694743793971172,0,0
93,h&e,1,89,0.04024703428149223,0.924152672290802,0.26860225200653076,0.009990500752460676,0,0
93,melan,0,147,0.034913070499897,1.0,0.3101068139076233,0.010826781056455292,0,0
93,sox10,0,128,0.026029091328382492,1.0,0.4212909936904907,0.010965821750594795,0,0
93,melan,0,148,0.037082478404045105,1.0,0.3101068139076233,0.011499529229676675,0,0
93,h&e,1,35,0.05308472737669945,0.924152672290802,0.26860225200653076,0.01317719474910394,0,0
93,sox10,0,125,0.032177407294511795,1.0,0.4212909936904907,0.013556051893488519,0,0
93,h&e,1,84,0.06528738886117935,0.924152672290802,0.26860225200653076,0.016206255173533288,0,0
93,sox10,0,25,0.038701437413692474,1.0,0.4212909936904907,0.016304567025264838,0,0
93,h&e,1,29,0.07306510955095291,0.924152672290802,0.26860225200653076,0.01813691480574733,0,0
93,melan,0,18,0.061584509909152985,1.0,0.3101068139076233,0.019097776153989887,0,0
93,sox10,0,97,0.049129895865917206,1.0,0.4212909936904907,0.020697982649262592,0,0
93,sox10,0,106,0.05323135852813721,1.0,0.4212909936904907,0.0224258919298137,0,0
93,sox10,0,94,0.061594199389219284,1.0,0.4212909936904907,0.02594908146625441,0,0
93,melan,0,34,0.08910457789897919,1.0,0.3101068139076233,0.027631936756836062,0,0
93,melan,0,66,0.09071079641580582,1.0,0.3101068139076233,0.028130036063528596,0,0
93,sox10,0,8,0.08083678036928177,1.0,0.4212909936904907,0.03405580752851467,0,0
93,h&e,1,95,0.14576919376850128,0.924152672290802,0.26860225200653076,0.036184212477476566,0,0
93,sox10,0,126,0.0921122133731842,1.0,0.4212909936904907,0.03880604590301928,0,0
93,sox10,0,131,0.11318971961736679,1.0,0.4212909936904907,0.04768580945314849,0,0
93,sox10,0,9,0.12215472757816315,1.0,0.4212909936904907,0.05146268656539554,0,0
93,sox10,0,124,0.12334983795881271,1.0,0.4212909936904907,0.05196617580522922,0,0
93,melan,0,53,0.1979212909936905,1.0,0.3101068139076233,0.061376740954536935,0,0
100,melan,0,53,0.011825177818536758,1.0,0.9974055886268616,0.011794498442714962,1,1
100,melan,0,101,0.011958202347159386,1.0,0.9974055886268616,0.011927177850987625,1,1
100,melan,0,63,0.011998801492154598,1.0,0.9974055886268616,0.011967671665099322,1,1
100,melan,0,151,0.012110895477235317,1.0,0.9974055886268616,0.012079474832270287,1,1
100,melan,0,85,0.012202400714159012,1.0,0.9974055886268616,0.012170742666966605,1,1
100,melan,0,159,0.012320352718234062,1.0,0.9974055886268616,0.012288388655020799,1,1
100,melan,0,47,0.012576830573379993,1.0,0.9974055886268616,0.012544201101102381,1,1
100,melan,0,32,0.013009135611355305,1.0,0.9974055886268616,0.012975384561970504,1,1
100,melan,0,107,0.013130324892699718,1.0,0.9974055886268616,0.013096259428465096,1,1
100,melan,0,6,0.013166076503694057,1.0,0.9974055886268616,0.013131918285073263,1,1
100,melan,0,110,0.013707293197512627,1.0,0.9974055886268616,0.013671730840146057,1,1
100,melan,0,118,0.013912406750023365,1.0,0.9974055886268616,0.013876312243723377,1,1
100,melan,0,149,0.013943258672952652,1.0,0.9974055886268616,0.013907084124072933,1,1
100,melan,0,5,0.013964737765491009,1.0,0.9974055886268616,0.013928507491009323,1,1
100,melan,0,26,0.01406585332006216,1.0,0.9974055886268616,0.014029360710235694,1,1
100,melan,0,73,0.014091793447732925,1.0,0.9974055886268616,0.01405523353854421,1,1
100,melan,0,40,0.014272919856011868,1.0,0.9974055886268616,0.014235890030409537,1,1
100,melan,0,132,0.01459480170160532,1.0,0.9974055886268616,0.014556936782081975,1,1
100,melan,0,86,0.014650432392954826,1.0,0.9974055886268616,0.014612423144533149,1,1
100,melan,0,51,0.014766974374651909,1.0,0.9974055886268616,0.014728662768387468,1,1
100,melan,0,41,0.014768795110285282,1.0,0.9974055886268616,0.014730478780283607,1,1
100,melan,0,116,0.015081261284649372,1.0,0.9974055886268616,0.015042134288851206,1,1
100,melan,0,136,0.01629430055618286,1.0,0.9974055886268616,0.016252026437502565,1,1
100,melan,0,64,0.016854433342814445,1.0,0.9974055886268616,0.016810706009262044,1,1
100,melan,0,76,0.01717081107199192,1.0,0.9974055886268616,0.017126262924460733,1,1
100,melan,0,106,0.01741194538772106,1.0,0.9974055886268616,0.017366771638578693,1,1
100,melan,0,150,0.017505735158920288,1.0,0.9974055886268616,0.017460318080528836,1,1
100,melan,0,10,0.0179909560829401,1.0,0.9974055886268616,0.017944280141864888,1,1
100,melan,0,165,0.019204439595341682,1.0,0.9974055886268616,0.019154615378840778,1,1
100,melan,0,50,0.020655112341046333,1.0,0.9974055886268616,0.02060152448267527,1,1
100,melan,0,164,0.022840367630124092,1.0,0.9974055886268616,0.022781110320577835,1,1
104,melan,2,2,0.0031451724935323,0.1775095909833908,0.9528443217277527,0.0005319713486907904,1,1
104,melan,0,132,0.0032536957878619432,0.17370963096618652,0.9528443217277527,0.000538545985646226,1,1
104,melan,0,124,0.0032624579034745693,0.17370963096618652,0.9528443217277527,0.0005399962755616358,1,1
104,melan,2,10,0.003210362046957016,0.1775095909833908,0.9528443217277527,0.0005429974449469449,1,1
104,melan,2,11,0.0032201698049902916,0.1775095909833908,0.9528443217277527,0.0005446563193900236,1,1
104,melan,5,20,0.051400426775217056,0.011224283836781979,0.9528443217277527,0.0005497273134928522,1,1
104,melan,0,52,0.003322613425552845,0.17370963096618652,0.9528443217277527,0.0005499531114313459,1,1
104,melan,2,23,0.0032553186174482107,0.1775095909833908,0.9528443217277527,0.0005506013545849356,1,1
104,melan,5,111,0.05171767622232437,0.011224283836781979,0.9528443217277527,0.0005531202947812777,1,1
104,melan,5,65,0.05183245241641998,0.011224283836781979,0.9528443217277527,0.0005543478256169465,1,1
104,melan,0,85,0.0033704524394124746,0.17370963096618652,0.9528443217277527,0.0005578713405932392,1,1
104,melan,2,29,0.003303726902231574,0.1775095909833908,0.9528443217277527,0.0005587890837466809,1,1
104,melan,5,67,0.053392164409160614,0.011224283836781979,0.9528443217277527,0.000571028937766881,1,1
104,melan,0,16,0.003453347133472562,0.17370963096618652,0.9528443217277527,0.0005715919240860087,1,1
104,melan,8,79,0.008608556352555752,0.0697549358010292,0.9528443217277527,0.0005721728156775419,1,1
104,h&e,6,244,0.020650353282690048,0.6352863311767578,0.04389176145195961,0.0005758110663767498,1,1
104,melan,0,36,0.003485008142888546,0.17370963096618652,0.9528443217277527,0.0005768323984985505,1,1
104,melan,2,12,0.003415680956095457,0.1775095909833908,0.9528443217277527,0.0005777248811148196,1,1
104,melan,0,94,0.0036008397582918406,0.17370963096618652,0.9528443217277527,0.0005960046430947034,1,1
104,melan,0,18,0.003664181800559163,0.17370963096618652,0.9528443217277527,0.0006064889061634755,1,1
104,melan,0,50,0.003664484014734626,0.17370963096618652,0.9528443217277527,0.0006065389281205397,1,1
104,melan,2,30,0.003636061679571867,0.1775095909833908,0.9528443217277527,0.000614999857585675,1,1
104,melan,1,0,0.09810186177492142,0.006732966285198927,0.9528443217277527,0.0006293694229651932,1,1
104,melan,0,129,0.003841037629172206,0.17370963096618652,0.9528443217277527,0.0006357617708526105,1,1
104,melan,5,70,0.06017318740487099,0.011224283836781979,0.9528443217277527,0.0006435519456101242,1,1
104,melan,0,41,0.003906227182596922,0.17370963096618652,0.9528443217277527,0.0006465518307082126,1,1
104,h&e,6,106,0.02331477776169777,0.6352863311767578,0.04389176145195961,0.0006501054418547608,1,1
104,melan,0,15,0.004011026583611965,0.17370963096618652,0.9528443217277527,0.0006638980426452135,1,1
104,melan,1,18,0.10366982966661453,0.006732966285198927,0.9528443217277527,0.0006650905466592948,1,1
104,melan,1,17,0.1037948876619339,0.006732966285198927,0.9528443217277527,0.000665892852313105,1,1
104,melan,8,105,0.010177597403526306,0.0697549358010292,0.9528443217277527,0.0006764600619102903,1,1
104,melan,0,107,0.004174309782683849,0.17370963096618652,0.9528443217277527,0.0006909243896416612,1,1
104,melan,0,125,0.004180881194770336,0.17370963096618652,0.9528443217277527,0.0006920120781749306,1,1
104,melan,0,37,0.004212398547679186,0.17370963096618652,0.9528443217277527,0.0006972287748158941,1,1
104,melan,3,62,0.0145674217492342,0.051271189004182816,0.9528443217277527,0.0007116689748252807,1,1
104,melan,5,61,0.0668608695268631,0.011224283836781979,0.9528443217277527,0.0007150766732645158,1,1
104,melan,1,3,0.11268869787454605,0.006732966285198927,0.9528443217277527,0.0007229508132957027,1,1
104,melan,4,61,0.008898644708096981,0.0859258770942688,0.9528443217277527,0.0007285674951531923,1,1
104,melan,0,135,0.004419514909386635,0.17370963096618652,0.9528443217277527,0.00073151030954797,1,1
104,melan,4,75,0.0089381979778409,0.0859258770942688,0.9528443217277527,0.0007318058789304684,1,1
104,melan,5,62,0.06895343214273453,0.011224283836781979,0.9528443217277527,0.0007374566202281705,1,1
104,melan,2,0,0.004367991350591183,0.1775095909833908,0.9528443217277527,0.0007387977144725832,1,1
104,h&e,6,245,0.026545338332653046,0.6352863311767578,0.04389176145195961,0.0007401858633318949,1,1
104,melan,8,94,0.011178495362401009,0.0697549358010292,0.9528443217277527,0.00074298533977122,1,1
104,melan,3,77,0.015268205665051937,0.051271189004182816,0.9528443217277527,0.0007459046947439597,1,1
104,melan,0,118,0.004532970488071442,0.17370963096618652,0.9528443217277527,0.0007502892767390063,1,1
104,melan,0,91,0.004548900295048952,0.17370963096618652,0.9528443217277527,0.0007529259502817086,1,1
104,melan,2,21,0.004479430615901947,0.1775095909833908,0.9528443217277527,0.0007576464410166396,1,1
104,h&e,6,247,0.027310406789183617,0.6352863311767578,0.04389176145195961,0.0007615189067803745,1,1
104,melan,0,26,0.00461192149668932,0.17370963096618652,0.9528443217277527,0.0007633571083760317,1,1
104,melan,0,133,0.004646988585591316,0.17370963096618652,0.9528443217277527,0.0007691613510550559,1,1
104,melan,0,53,0.004700601100921631,0.17370963096618652,0.9528443217277527,0.0007780351999930079,1,1
104,melan,3,63,0.016006246209144592,0.051271189004182816,0.9528443217277527,0.0007819605299106407,1,1
104,melan,0,65,0.004889483563601971,0.17370963096618652,0.9528443217277527,0.0008092986919319127,1,1
104,melan,0,28,0.0050254445523023605,0.17370963096618652,0.9528443217277527,0.0008318027148778321,1,1
104,melan,0,134,0.005126245319843292,0.17370963096618652,0.9528443217277527,0.0008484870800578048,1,1
104,melan,7,29,0.025191273540258408,0.03591791167855263,0.9528443217277527,0.0008621506345057659,1,1
104,melan,0,120,0.005261948332190514,0.17370963096618652,0.9528443217277527,0.0008709484032129482,1,1
104,melan,4,47,0.010960886254906654,0.0859258770942688,0.9528443217277527,0.0008974114267232259,1,1
104,melan,4,54,0.010978526435792446,0.0859258770942688,0.9528443217277527,0.0008988556986122154,1,1
104,h&e,23,19,0.12620671093463898,0.16865339875221252,0.04389176145195961,0.0009342445146155114,1,1
104,melan,0,106,0.005828225519508123,0.17370963096618652,0.9528443217277527,0.0009646776040591444,1,1
104,melan,4,16,0.011904439888894558,0.0859258770942688,0.9528443217277527,0.000974663921929799,1,1
104,melan,2,16,0.006120936945080757,0.1775095909833908,0.9528443217277527,0.0010352891895823956,1,1
104,melan,1,15,0.16358423233032227,0.006732966285198927,0.9528443217277527,0.0010494695212222593,1,1
104,melan,4,3,0.013105346821248531,0.0859258770942688,0.9528443217277527,0.0010729869569894095,1,1
104,melan,4,2,0.013105346821248531,0.0859258770942688,0.9528443217277527,0.0010729869569894095,1,1
104,melan,3,60,0.022726990282535553,0.051271189004182816,0.9528443217277527,0.001110292140480278,1,1
104,melan,4,24,0.01394333690404892,0.0859258770942688,0.9528443217277527,0.0011415965436867596,1,1
104,melan,0,29,0.00691453879699111,0.17370963096618652,0.9528443217277527,0.0011444822609435207,1,1
104,melan,2,4,0.00696029094979167,0.1775095909833908,0.9528443217277527,0.0011772566914708558,1,1
104,melan,8,92,0.018732601776719093,0.0697549358010292,0.9528443217277527,0.0012450735134433301,1,1
104,melan,0,117,0.007653173059225082,0.17370963096618652,0.9528443217277527,0.0012667397007050483,1,1
104,melan,6,1,0.0034786139149218798,0.3879536986351013,0.9528443217277527,0.0012859026068677188,1,1
104,melan,6,30,0.0034846460912376642,0.3879536986351013,0.9528443217277527,0.001288132458020869,1,1
104,melan,0,38,0.007785413414239883,0.17370963096618652,0.9528443217277527,0.0012886278909284038,1,1
104,melan,8,6,0.019487421959638596,0.0697549358010292,0.9528443217277527,0.0012952430856344986,1,1
104,melan,4,74,0.015828192234039307,0.0859258770942688,0.9528443217277527,0.0012959171589651411,1,1
104,melan,0,102,0.007946361787617207,0.17370963096618652,0.9528443217277527,0.001315267781695698,1,1
104,melan,3,74,0.02713485062122345,0.051271189004182816,0.9528443217277527,0.0013256313750000677,1,1
104,melan,4,73,0.0162904541939497,0.0859258770942688,0.9528443217277527,0.0013337643873110568,1,1
104,melan,3,75,0.027330083772540092,0.051271189004182816,0.9528443217277527,0.0013351691902045138,1,1
104,melan,4,38,0.016416974365711212,0.0859258770942688,0.9528443217277527,0.0013441230978394998,1,1
104,melan,7,37,0.04003077745437622,0.03591791167855263,0.9528443217277527,0.0013700204607319563,1,1
104,melan,8,96,0.021439079195261,0.0697549358010292,0.9528443217277527,0.001424961144041817,1,1
104,melan,0,97,0.008692285045981407,0.17370963096618652,0.9528443217277527,0.0014387316832352348,1,1
104,melan,3,49,0.030536368489265442,0.051271189004182816,0.9528443217277527,0.0014918072965646764,1,1
104,melan,8,95,0.022766461595892906,0.0697549358010292,0.9528443217277527,0.0015131864044160366,1,1
104,melan,0,71,0.009475832805037498,0.17370963096618652,0.9528443217277527,0.0015684231257406948,1,1
104,melan,1,16,0.2488434761762619,0.006732966285198927,0.9528443217277527,0.0015964475309248759,1,1
104,melan,0,116,0.0097884526476264,0.17370963096618652,0.9528443217277527,0.0016201674104669077,1,1
104,melan,2,32,0.00959235429763794,0.1775095909833908,0.9528443217277527,0.001622441269382782,1,1
104,melan,2,31,0.00959235429763794,0.1775095909833908,0.9528443217277527,0.001622441269382782,1,1
104,melan,8,109,0.02563505806028843,0.0697549358010292,0.9528443217277527,0.001703849373775416,1,1
104,melan,0,9,0.010485952720046043,0.17370963096618652,0.9528443217277527,0.0017356163917118283,1,1
104,melan,0,7,0.010619891807436943,0.17370963096618652,0.9528443217277527,0.001757785753120655,1,1
104,melan,2,5,0.010638642124831676,0.1775095909833908,0.9528443217277527,0.0017994093522766728,1,1
104,melan,7,31,0.0565069355070591,0.03591791167855263,0.9528443217277527,0.0019339034298338081,1,1
104,melan,6,23,0.005346190184354782,0.3879536986351013,0.9528443217277527,0.001976269877316009,1,1
104,melan,7,35,0.05781276896595955,0.03591791167855263,0.9528443217277527,0.0019785945068192846,1,1
104,melan,0,103,0.012196741066873074,0.17370963096618652,0.9528443217277527,0.0020187830601849947,1,1
104,h&e,6,243,0.07253982871770859,0.6352863311767578,0.04389176145195961,0.0020226886948100397,1,1
104,melan,6,34,0.0055774603970348835,0.3879536986351013,0.9528443217277527,0.0020617611036060275,1,1
104,melan,8,76,0.03147151321172714,0.0697549358010292,0.9528443217277527,0.0020917728351329,1,1
104,melan,7,36,0.06139329820871353,0.03591791167855263,0.9528443217277527,0.0021011351776421988,1,1
104,melan,8,8,0.034071534872055054,0.0697549358010292,0.9528443217277527,0.002264584820474757,1,1
104,melan,7,39,0.06720753759145737,0.03591791167855263,0.9528443217277527,0.002300122742323678,1,1
104,melan,3,70,0.05104411393404007,0.051271189004182816,0.9528443217277527,0.002493681645224062,1,1
104,melan,4,13,0.03061501681804657,0.0859258770942688,0.9528443217277527,0.0025065733995314325,1,1
104,melan,4,40,0.03115088678896427,0.0859258770942688,0.9528443217277527,0.002550447208998629,1,1
104,melan,3,83,0.05357751250267029,0.051271189004182816,0.9528443217277527,0.0026174469341816416,1,1
104,melan,3,73,0.05395034700632095,0.051271189004182816,0.9528443217277527,0.0026356611901810953,1,1
104,melan,4,51,0.03280597925186157,0.0859258770942688,0.9528443217277527,0.0026859562229547434,1,1
104,melan,8,7,0.04064541310071945,0.0697549358010292,0.9528443217277527,0.002701521545051056,1,1
104,melan,2,20,0.0161933284252882,0.1775095909833908,0.9528443217277527,0.0027389234707819723,1,1
104,melan,0,34,0.016620837152004242,0.17370963096618652,0.9528443217277527,0.0027510516378586947,1,1
104,melan,8,18,0.04145374894142151,0.0697549358010292,0.9528443217277527,0.002755248067251292,1,1
104,h&e,23,33,0.37504008412361145,0.16865339875221252,0.04389176145195961,0.0027762322522998113,1,1
104,melan,3,64,0.05754145234823227,0.051271189004182816,0.9528443217277527,0.002811099116065404,1,1
104,melan,4,28,0.0348379909992218,0.0859258770942688,0.9528443217277527,0.0028523251204059493,1,1
104,melan,2,13,0.01700674183666706,0.1775095909833908,0.9528443217277527,0.0028765034065038496,1,1
104,melan,7,41,0.08769778162240982,0.03591791167855263,0.9528443217277527,0.003001384505220737,1,1
104,melan,4,25,0.037146251648664474,0.0859258770942688,0.9528443217277527,0.0030413116160680257,1,1
104,melan,0,33,0.018422013148665428,0.17370963096618652,0.9528443217277527,0.003049179110643001,1,1
104,melan,3,79,0.06276267766952515,0.051271189004182816,0.9528443217277527,0.0030661740452944996,1,1
104,melan,0,95,0.01869579404592514,0.17370963096618652,0.9528443217277527,0.0030944948416698178,1,1
104,melan,0,30,0.020014038309454918,0.17370963096618652,0.9528443217277527,0.0033126883061214032,1,1
104,melan,7,32,0.09940389543771744,0.03591791167855263,0.9528443217277527,0.0034020166303626183,1,1
104,melan,7,30,0.10082696378231049,0.03591791167855263,0.9528443217277527,0.0034507199749662662,1,1
104,melan,4,79,0.04256301000714302,0.0859258770942688,0.9528443217277527,0.0034848032036685385,1,1
104,melan,4,30,0.04386443272233009,0.0859258770942688,0.9528443217277527,0.0035913558663314893,1,1
104,melan,6,12,0.009812165051698685,0.3879536986351013,0.9528443217277527,0.0036271598192807834,1,1
104,melan,8,107,0.06067053973674774,0.0697549358010292,0.9528443217277527,0.0040325034916621144,1,1
104,melan,0,119,0.02445034496486187,0.17370963096618652,0.9528443217277527,0.004046977955841545,1,1
104,melan,3,50,0.08437038213014603,0.051271189004182816,0.9528443217277527,0.004121785199178068,1,1
104,melan,6,29,0.011246905662119389,0.3879536986351013,0.9528443217277527,0.004157525285596236,1,1
104,melan,0,66,0.02613968774676323,0.17370963096618652,0.9528443217277527,0.004326594992249009,1,1
104,melan,4,62,0.05361149460077286,0.0859258770942688,0.9528443217277527,0.004389386655381711,1,1
104,melan,4,11,0.05478069186210632,0.0859258770942688,0.9528443217277527,0.004485113493341047,1,1
104,melan,4,39,0.05520428717136383,0.0859258770942688,0.9528443217277527,0.004519794928947029,1,1
104,melan,2,19,0.026992810890078545,0.1775095909833908,0.9528443217277527,0.004565537198255124,1,1
104,melan,3,81,0.10123694688081741,0.051271189004182816,0.9528443217277527,0.0049457752676722085,1,1
104,melan,7,34,0.1455744504928589,0.03591791167855263,0.9528443217277527,0.004982165933757673,1,1
104,melan,4,32,0.06140943244099617,0.0859258770942688,0.9528443217277527,0.005027834893959243,1,1
104,melan,6,2,0.013637881726026535,0.3879536986351013,0.9528443217277527,0.005041372251293654,1,1
104,melan,8,106,0.0769893005490303,0.0697549358010292,0.9528443217277527,0.005117139630398662,1,1
104,melan,2,14,0.030696474015712738,0.1775095909833908,0.9528443217277527,0.005191971097219825,1,1
104,melan,6,0,0.01410757564008236,0.3879536986351013,0.9528443217277527,0.005214999058776786,1,1
104,melan,8,81,0.0813155397772789,0.0697549358010292,0.9528443217277527,0.005404685692612304,1,1
104,melan,7,33,0.1585051566362381,0.03591791167855263,0.9528443217277527,0.005424708724947087,1,1
104,melan,0,96,0.03341098502278328,0.17370963096618652,0.9528443217277527,0.005530127287139478,1,1
104,melan,4,63,0.06936634331941605,0.0859258770942688,0.9528443217277527,0.005679298888535031,1,1
104,melan,3,68,0.11684146523475647,0.051271189004182816,0.9528443217277527,0.005708110001351068,1,1
104,melan,8,108,0.08928882330656052,0.0697549358010292,0.9528443217277527,0.005934634722427275,1,1
104,melan,6,7,0.017241980880498886,0.3879536986351013,0.9528443217277527,0.006373661666415428,1,1
104,melan,8,93,0.09627321362495422,0.0697549358010292,0.9528443217277527,0.006398856377092968,1,1
104,melan,8,80,0.09717155247926712,0.0697549358010292,0.9528443217277527,0.0064585650030987846,1,1
104,melan,4,52,0.07930604368448257,0.0859258770942688,0.9528443217277527,0.006493101757972041,1,1
104,melan,4,31,0.08187930285930634,0.0859258770942688,0.9528443217277527,0.006703784738682062,1,1
104,melan,3,71,0.13899950683116913,0.051271189004182816,0.9528443217277527,0.006790607029205973,1,1
104,melan,6,37,0.019230375066399574,0.3879536986351013,0.9528443217277527,0.007108690424899461,1,1
104,melan,4,53,0.08811324834823608,0.0859258770942688,0.9528443217277527,0.007214182692390496,1,1
104,melan,6,35,0.020992685109376907,0.3879536986351013,0.9528443217277527,0.00776014503693697,1,1
104,melan,8,89,0.11832413077354431,0.0697549358010292,0.9528443217277527,0.00786448369443465,1,1
104,melan,2,17,0.04767600819468498,0.1775095909833908,0.9528443217277527,0.008063872627550463,1,1
104,melan,6,16,0.027495762333273888,0.3879536986351013,0.9528443217277527,0.01016406917436428,1,1
104,melan,0,32,0.06402329355478287,0.17370963096618652,0.9528443217277527,0.01059702257980155,1,1
104,melan,2,15,0.07194975763559341,0.1775095909833908,0.9528443217277527,0.012169510475527454,1,1
104,melan,6,28,0.034508418291807175,0.3879536986351013,0.9528443217277527,0.012756363921264039,1,1
104,melan,6,39,0.03521484136581421,0.3879536986351013,0.9528443217277527,0.013017499906640431,1,1
104,melan,0,89,0.08122676610946655,0.17370963096618652,0.9528443217277527,0.013444511001448988,1,1
104,melan,0,31,0.08801089227199554,0.17370963096618652,0.9528443217277527,0.014567407593250013,1,1
104,melan,2,22,0.09385722130537033,0.1775095909833908,0.9528443217277527,0.0158749171006875,1,1
104,melan,2,26,0.10222285985946655,0.1775095909833908,0.9528443217277527,0.017289872888782983,1,1
104,melan,6,17,0.04913892224431038,0.3879536986351013,0.9528443217277527,0.01816466838747981,1,1
104,melan,2,18,0.10879965871572495,0.1775095909833908,0.9528443217277527,0.018402266108813507,1,1
104,melan,0,8,0.11163897812366486,0.17370963096618652,0.9528443217277527,0.018478286671555787,1,1
104,melan,6,5,0.05703793838620186,0.3879536986351013,0.9528443217277527,0.02108461457782228,1,1
104,melan,6,14,0.05861585587263107,0.3879536986351013,0.9528443217277527,0.021667906733504654,1,1
104,melan,0,67,0.13560040295124054,0.17370963096618652,0.9528443217277527,0.022444339428975477,1,1
104,melan,6,15,0.06474865227937698,0.3879536986351013,0.9528443217277527,0.023934953057040288,1,1
104,melan,6,4,0.07136813551187515,0.3879536986351013,0.9528443217277527,0.026381907778940693,1,1
104,melan,6,10,0.07252288609743118,0.3879536986351013,0.9528443217277527,0.026808772278584907,1,1
104,melan,6,6,0.07257270067930222,0.3879536986351013,0.9528443217277527,0.026827186710957872,1,1
104,melan,6,11,0.07310459762811661,0.3879536986351013,0.9528443217277527,0.027023807459851983,1,1
104,melan,6,3,0.07856474816799164,0.3879536986351013,0.9528443217277527,0.02904220386279777,1,1
104,melan,2,24,0.17268787324428558,0.1775095909833908,0.9528443217277527,0.0292082551978364,1,1
104,melan,6,13,0.08188074082136154,0.3879536986351013,0.9528443217277527,0.03026799197887225,1,1
104,melan,6,9,0.09153559058904648,0.3879536986351013,0.9528443217277527,0.0338369987122513,1,1
104,melan,2,25,0.21420568227767944,0.1775095909833908,0.9528443217277527,0.03623053614159997,1,1
107,sox10,0,114,0.009420408867299557,1.0,0.8278691172599792,0.007798865573199365,0,0
107,melan,0,178,0.05275842547416687,1.0,0.1493467390537262,0.00787929880217586,0,0
107,sox10,0,26,0.009586131200194359,1.0,0.8278691172599792,0.00793606197464325,0,0
107,sox10,0,118,0.009610685519874096,1.0,0.8278691172599792,0.007956389737601433,0,0
107,sox10,0,78,0.009645804762840271,1.0,0.8278691172599792,0.007985463874274679,0,0
107,sox10,0,1,0.010201714001595974,1.0,0.8278691172599792,0.00844568396504003,0,0
107,melan,0,179,0.057005006819963455,1.0,0.1493467390537262,0.008513511878296964,0,0
107,melan,0,180,0.05709810182452202,1.0,0.1493467390537262,0.008527415313649978,0,0
107,sox10,0,39,0.010367495939135551,1.0,0.8278691172599792,0.008582929711328569,0,0
107,sox10,0,24,0.010452180169522762,1.0,0.8278691172599792,0.00865303717038507,0,0
107,sox10,0,115,0.01076987013220787,1.0,0.8278691172599792,0.008916042879355546,0,0
107,sox10,0,120,0.010786402970552444,1.0,0.8278691172599792,0.00892972990564167,0,0
107,sox10,0,116,0.011264038272202015,1.0,0.8278691172599792,0.009325149421190504,0,0
107,sox10,0,122,0.011266549117863178,1.0,0.8278691172599792,0.009327228072771587,0,0
107,sox10,0,41,0.01138201542198658,1.0,0.8278691172599792,0.0094228190600395,0,0
107,sox10,0,80,0.011605554260313511,1.0,0.8278691172599792,0.009607879960798538,0,0
107,sox10,0,108,0.011673248372972012,1.0,0.8278691172599792,0.009663921826088828,0,0
107,sox10,0,66,0.011855509132146835,1.0,0.8278691172599792,0.009814809879898023,0,0
107,sox10,0,43,0.012241042219102383,1.0,0.8278691172599792,0.010133980816270427,0,0
107,sox10,0,31,0.012471077963709831,1.0,0.8278691172599792,0.010324420305096838,0,0
107,sox10,0,126,0.01291684154421091,1.0,0.8278691172599792,0.010693454206992914,0,0
107,sox10,0,45,0.01314747054129839,1.0,0.8278691172599792,0.01088438483122628,0,0
107,sox10,0,9,0.013497104868292809,1.0,0.8278691172599792,0.011173836292878936,0,0
107,sox10,0,119,0.013831899501383305,1.0,0.8278691172599792,0.011451002430238943,0,0
107,melan,0,176,0.0769924595952034,1.0,0.1493467390537262,0.0114985727722694,0,0
107,sox10,0,22,0.014594705775380135,1.0,0.8278691172599792,0.012082506186933073,0,0
107,sox10,0,3,0.01465983223170042,1.0,0.8278691172599792,0.012136422368837219,0,0
107,sox10,0,67,0.014660573564469814,1.0,0.8278691172599792,0.012137036095342613,0,0
107,sox10,0,74,0.014742826111614704,1.0,0.8278691172599792,0.012205130438939837,0,0
107,sox10,0,8,0.014890897087752819,1.0,0.8278691172599792,0.012327713827247122,0,0
107,sox10,0,111,0.015576004981994629,1.0,0.8278691172599792,0.012894893494880932,0,0
107,sox10,0,71,0.01607680693268776,1.0,0.8278691172599792,0.01330949196372333,0,0
107,sox10,0,40,0.01642209105193615,1.0,0.8278691172599792,0.013595342022729384,0,0
107,sox10,0,10,0.016483522951602936,1.0,0.8278691172599792,0.01364619959527813,0,0
107,sox10,0,72,0.016734380275011063,1.0,0.8278691172599792,0.013853876626166217,0,0
107,sox10,0,12,0.016908610239624977,1.0,0.8278691172599792,0.013998116233171376,0,0
107,sox10,0,19,0.016954710707068443,1.0,0.8278691172599792,0.01403628138645907,0,0
107,sox10,0,15,0.018325315788388252,1.0,0.8278691172599792,0.015170963005243343,0,0
107,sox10,0,140,0.018437054008245468,1.0,0.8278691172599792,0.015263467626680738,0,0
107,sox10,0,44,0.019269729033112526,1.0,0.8278691172599792,0.01595281356448186,0,0
107,sox10,0,144,0.019275536760687828,1.0,0.8278691172599792,0.015957621602782912,0,0
107,sox10,0,11,0.019344333559274673,1.0,0.8278691172599792,0.016014576347699316,0,0
107,sox10,0,0,0.019456541165709496,1.0,0.8278691172599792,0.016107469559788368,0,0
107,sox10,0,14,0.0197345819324255,1.0,0.8278691172599792,0.016337650923891833,0,0
107,sox10,0,16,0.019787855446338654,1.0,0.8278691172599792,0.016381754420828454,0,0
107,sox10,0,59,0.020322615280747414,1.0,0.8278691172599792,0.016824465572886527,0,0
107,sox10,0,65,0.021103637292981148,1.0,0.8278691172599792,0.01747104957671508,0,0
107,sox10,0,130,0.021397527307271957,1.0,0.8278691172599792,0.017714352043417536,0,0
107,sox10,0,37,0.02226046659052372,1.0,0.8278691172599792,0.018428752826092132,0,0
107,sox10,0,58,0.022560030221939087,1.0,0.8278691172599792,0.018676752305195166,0,0
108,sox10,0,81,0.007387121208012104,1.0,0.941720724105835,0.006956605133066729,0,0
108,sox10,0,88,0.007436544168740511,1.0,0.941720724105835,0.0070031477594313385,0,0
108,sox10,0,8,0.007999051362276077,1.0,0.941720724105835,0.007532872441042393,0,0
108,sox10,0,52,0.008216899819672108,1.0,0.941720724105835,0.007738024848086722,0,0
108,sox10,0,43,0.008399481885135174,1.0,0.941720724105835,0.00790996616298334,0,0
108,sox10,0,38,0.008546413853764534,1.0,0.941720724105835,0.008048335042875276,0,0
108,sox10,0,58,0.008562372997403145,1.0,0.941720724105835,0.008063364099178738,0,0
108,sox10,0,123,0.008638503961265087,1.0,0.941720724105835,0.008135058205593682,0,0
108,sox10,0,4,0.00864352472126484,1.0,0.941720724105835,0.00813978635933621,0,0
108,sox10,0,72,0.008850649930536747,1.0,0.941720724105835,0.008334840461392323,0,0
108,sox10,0,71,0.008871983736753464,1.0,0.941720724105835,0.008354930948830663,0,0
108,sox10,0,68,0.009168778546154499,1.0,0.941720724105835,0.00863442877165066,0,0
108,sox10,0,55,0.009537734091281891,1.0,0.941720724105835,0.00898188185477089,0,0
108,sox10,0,26,0.009698894806206226,1.0,0.941720724105835,0.00913365023992685,0,0
108,sox10,0,74,0.009852410294115543,1.0,0.941720724105835,0.009278218956362272,0,0
108,sox10,0,39,0.010006710886955261,1.0,0.941720724105835,0.00942352702238125,0,0
108,sox10,0,32,0.010228859260678291,1.0,0.941720724105835,0.009632728749742636,0,0
108,sox10,0,69,0.010374559089541435,1.0,0.941720724105835,0.009769937298081732,0,0
108,sox10,0,64,0.010378911159932613,1.0,0.941720724105835,0.009774035732961872,0,0
108,sox10,0,9,0.010488923639059067,1.0,0.941720724105835,0.009877636764465514,0,0
108,sox10,0,36,0.010930892080068588,1.0,0.941720724105835,0.010293847604764927,0,0
108,sox10,0,107,0.011630989611148834,1.0,0.941720724105835,0.010953143958678524,0,0
108,sox10,0,18,0.01207411102950573,1.0,0.941720724105835,0.011370440581640384,0,0
108,sox10,0,12,0.012265229597687721,1.0,0.941720724105835,0.0115504208980588,0,0
108,sox10,0,125,0.01263660378754139,1.0,0.941720724105835,0.011900151669042014,0,0
108,sox10,0,59,0.012984770350158215,1.0,0.941720724105835,0.01222802733649897,0,0
108,sox10,0,83,0.013047007843852043,1.0,0.941720724105835,0.012286637674126855,0,0
108,sox10,0,84,0.013271734118461609,1.0,0.941720724105835,0.012498267064177782,0,0
108,sox10,0,122,0.01375294104218483,1.0,0.941720724105835,0.012951429596831154,0,0
108,sox10,0,21,0.013784632086753845,1.0,0.941720724105835,0.012981273710270358,0,0
108,sox10,0,63,0.01398219633847475,1.0,0.941720724105835,0.013167324060458396,0,0
108,sox10,0,73,0.014340661466121674,1.0,0.941720724105835,0.013504898100032747,0,0
108,sox10,0,5,0.01480451412498951,1.0,0.941720724105835,0.013941717761820183,0,0
108,sox10,0,79,0.01499045081436634,1.0,0.941720724105835,0.014116818195577974,0,0
108,sox10,0,67,0.015104359947144985,1.0,0.941720724105835,0.014224088786580547,0,0
108,sox10,0,77,0.01510681863874197,1.0,0.941720724105835,0.014226404187411612,0,0
108,sox10,0,25,0.01531288493424654,1.0,0.941720724105835,0.014420461088427983,0,0
108,sox10,0,7,0.015371779911220074,1.0,0.941720724105835,0.014475923708789695,0,0
108,sox10,0,70,0.01574869267642498,1.0,0.941720724105835,0.014830870270963192,0,0
108,sox10,0,49,0.015761176124215126,1.0,0.941720724105835,0.014842626192455466,0,0
108,sox10,0,19,0.01602906733751297,1.0,0.941720724105835,0.015094904899823902,0,0
108,sox10,0,11,0.016426552087068558,1.0,0.941720724105835,0.015469224525996417,0,0
108,sox10,0,17,0.01702110283076763,1.0,0.941720724105835,0.01602912528287037,0,0
108,sox10,0,121,0.017157485708594322,1.0,0.941720724105835,0.01615755986533296,0,0
108,sox10,0,10,0.01823786273598671,1.0,0.941720724105835,0.01717497330187623,0,0
108,sox10,0,104,0.018577802926301956,1.0,0.941720724105835,0.017495102024052578,0,0
108,sox10,0,85,0.018842624500393867,1.0,0.941720724105835,0.01774448998856526,0,0
108,sox10,0,61,0.01944180764257908,1.0,0.941720724105835,0.018308753171095926,0,0
108,sox10,0,80,0.019689250737428665,1.0,0.941720724105835,0.018541775461552668,0,0
108,sox10,0,101,0.020286619663238525,1.0,0.941720724105835,0.019104330158924654,0,0
108,sox10,0,20,0.02142753265798092,1.0,0.941720724105835,0.020178751570475217,0,0
108,sox10,0,105,0.023380516096949577,1.0,0.941720724105835,0.022017916548787486,0,0
108,sox10,0,86,0.02402869425714016,1.0,0.941720724105835,0.02262831935515175,0,0
108,sox10,0,94,0.025247983634471893,1.0,0.941720724105835,0.023776549430467142,0,0
108,sox10,0,96,0.02635488286614418,1.0,0.941720724105835,0.02481893937642976,0,0
108,sox10,0,78,0.028046106919646263,1.0,0.941720724105835,0.026411600116718947,0,0
108,sox10,0,75,0.02856782265007496,1.0,0.941720724105835,0.026902910632155663,0,0
