case_id,stain,slice_idx,patch_idx,patch_attn_weight,slice_attn_weight,stain_attn_weight,effective_weight,true_label,pred_label
7,melan,0,19,0.004572681151330471,1.0,0.9861612319946289,0.0045094008777146755,1,1
7,melan,0,3,0.004987812135368586,1.0,0.9861612319946289,0.004918786960372845,1,1
7,melan,0,70,0.005769708193838596,1.0,0.9861612319946289,0.005689862540685375,1,1
7,melan,0,30,0.005991729907691479,1.0,0.9861612319946289,0.005908811747548093,1,1
7,melan,0,68,0.006111753173172474,1.0,0.9861612319946289,0.006027174038902849,1,1
7,melan,0,29,0.007466619368642569,1.0,0.9861612319946289,0.007363290555415514,1,1
7,melan,0,58,0.010022053495049477,1.0,0.9861612319946289,0.009883360621794068,1,1
7,melan,0,51,0.0125194126740098,1.0,0.9861612319946289,0.012346159426450676,1,1
7,melan,0,72,0.013469360768795013,1.0,0.9861612319946289,0.013282961409935012,1,1
7,melan,0,57,0.014323621056973934,1.0,0.9861612319946289,0.014125399788169624,1,1
7,melan,0,62,0.018375365063548088,1.0,0.9861612319946289,0.018121072649419645,1,1
7,melan,0,14,0.025056825950741768,1.0,0.9861612319946289,0.02471007034945849,1,1
7,melan,0,55,0.027620555832982063,1.0,0.9861612319946289,0.027238321368630025,1,1
7,melan,0,61,0.02802930772304535,1.0,0.9861612319946289,0.027641416636114968,1,1
7,melan,0,32,0.028369881212711334,1.0,0.9861612319946289,0.027977277008268686,1,1
7,melan,0,24,0.03245476260781288,1.0,0.9861612319946289,0.032005628677413966,1,1
7,melan,0,67,0.03436097130179405,1.0,0.9861612319946289,0.03388545779150931,1,1
7,melan,0,60,0.03505693003535271,1.0,0.9861612319946289,0.034571785313612935,1,1
7,melan,0,59,0.044672220945358276,1.0,0.9861612319946289,0.044054012443410784,1,1
7,melan,0,64,0.047024987637996674,1.0,0.9861612319946289,0.046374219743618994,1,1
7,melan,0,63,0.05698682740330696,1.0,0.9861612319946289,0.05619819991951047,1,1
7,melan,0,22,0.07784327864646912,1.0,0.9861612319946289,0.07676602357250317,1,1
7,melan,0,21,0.10935693234205246,1.0,0.9861612319946289,0.10784356712559173,1,1
7,melan,0,69,0.11798587441444397,1.0,0.9861612319946289,0.11635309527051163,1,1
7,melan,0,78,0.14208172261714935,1.0,0.9861612319946289,0.14011548662004714,1,1
15,sox10,3,10,0.034504059702157974,0.26705101132392883,0.2805418074131012,0.002585008730614686,1,1
15,sox10,0,122,0.027339192107319832,0.3389153480529785,0.2805418074131012,0.002599408316064302,1,1
15,sox10,3,74,0.03499018773436546,0.26705101132392883,0.2805418074131012,0.002621428943722951,1,1
15,sox10,2,26,0.030756771564483643,0.30925846099853516,0.2805418074131012,0.0026684552743388183,1,1
15,melan,1,15,0.03972982242703438,0.09602721035480499,0.7103762626647949,0.002710187747301385,1,1
15,melan,3,178,0.02600375935435295,0.1474931240081787,0.7103762626647949,0.0027245598579051455,1,1
15,sox10,2,45,0.03141593188047409,0.30925846099853516,0.2805418074131012,0.0027256439756351107,1,1
15,melan,2,43,0.008172426372766495,0.47113385796546936,0.7103762626647949,0.002735166530501591,1,1
15,melan,0,28,0.01356139499694109,0.2853458821773529,0.7103762626647949,0.002748934654661154,1,1
15,melan,2,12,0.008273063227534294,0.47113385796546936,0.7103762626647949,0.0027688479054495617,1,1
15,melan,3,100,0.026452304795384407,0.1474931240081787,0.7103762626647949,0.0027715564819865823,1,1
15,melan,3,156,0.026481956243515015,0.1474931240081787,0.7103762626647949,0.002774663230676436,1,1
15,sox10,3,53,0.03728942200541496,0.26705101132392883,0.2805418074131012,0.0027936852148892025,1,1
15,sox10,3,86,0.03786623105406761,0.26705101132392883,0.2805418074131012,0.002836899156655348,1,1
15,melan,3,181,0.027347316965460777,0.1474931240081787,0.7103762626647949,0.002865331931824317,1,1
15,sox10,2,2,0.03304111212491989,0.30925846099853516,0.2805418074131012,0.0028666444959904547,1,1
15,sox10,2,70,0.03321761637926102,0.30925846099853516,0.2805418074131012,0.002881957992319299,1,1
15,sox10,2,37,0.033598173409700394,0.30925846099853516,0.2805418074131012,0.0029149750927302963,1,1
15,melan,2,23,0.008740544319152832,0.47113385796546936,0.7103762626647949,0.002925305556716787,1,1
15,melan,3,179,0.02809395082294941,0.1474931240081787,0.7103762626647949,0.002943560952826462,1,1
15,sox10,3,35,0.03993469476699829,0.26705101132392883,0.2805418074131012,0.0029918663345190897,1,1
15,sox10,3,12,0.04005631431937218,0.26705101132392883,0.2805418074131012,0.003000977946526887,1,1
15,sox10,3,129,0.04045844078063965,0.26705101132392883,0.2805418074131012,0.0030311048481773207,1,1
15,sox10,0,100,0.031971316784620285,0.3389153480529785,0.2805418074131012,0.0030398303797432667,1,1
15,melan,1,80,0.044801387935876846,0.09602721035480499,0.7103762626647949,0.0030561468747790956,1,1
15,sox10,0,92,0.0321715846657753,0.3389153480529785,0.2805418074131012,0.003058871834723772,1,1
15,sox10,3,49,0.04178103432059288,0.26705101132392883,0.2805418074131012,0.0031301921984006296,1,1
15,melan,3,101,0.03034200146794319,0.1474931240081787,0.7103762626647949,0.00317910183991218,1,1
15,melan,2,54,0.009568790905177593,0.47113385796546936,0.7103762626647949,0.0032025050367446824,1,1
15,melan,3,97,0.030690407380461693,0.1474931240081787,0.7103762626647949,0.0032156062833878043,1,1
15,sox10,2,97,0.03813130035996437,0.30925846099853516,0.2805418074131012,0.0033082688587654716,1,1
15,melan,2,62,0.010071068070828915,0.47113385796546936,0.7103762626647949,0.0033706083184215584,1,1
15,melan,3,94,0.03245735168457031,0.1474931240081787,0.7103762626647949,0.003400738958110954,1,1
15,melan,2,97,0.010401345789432526,0.47113385796546936,0.7103762626647949,0.0034811464279731305,1,1
15,melan,2,26,0.010753197595477104,0.47113385796546936,0.7103762626647949,0.0035989050029291126,1,1
15,sox10,3,51,0.04840727895498276,0.26705101132392883,0.2805418074131012,0.003626623643828927,1,1
15,melan,0,218,0.017977479845285416,0.2853458821773529,0.7103762626647949,0.0036440880426626067,1,1
15,melan,2,109,0.010909918695688248,0.47113385796546936,0.7103762626647949,0.0036513567826538407,1,1
15,melan,3,81,0.03494518622756004,0.1474931240081787,0.7103762626647949,0.003661403350384872,1,1
15,melan,2,41,0.010996336117386818,0.47113385796546936,0.7103762626647949,0.00368027916490617,1,1
15,sox10,2,99,0.04250171780586243,0.30925846099853516,0.2805418074131012,0.0036874459599809985,1,1
15,sox10,2,98,0.043038513511419296,0.30925846099853516,0.2805418074131012,0.0037340183165344974,1,1
15,melan,0,208,0.018522638827562332,0.2853458821773529,0.7103762626647949,0.0037545933718723854,1,1
15,sox10,0,119,0.03970777243375778,0.3389153480529785,0.2805418074131012,0.003775411997235406,1,1
15,melan,3,153,0.03678184002637863,0.1474931240081787,0.7103762626647949,0.0038538398802319476,1,1
15,sox10,0,121,0.04056304320693016,0.3389153480529785,0.2805418074131012,0.0038567310776070527,1,1
15,sox10,3,6,0.05177171528339386,0.26705101132392883,0.2805418074131012,0.003878683759583827,1,1
15,melan,3,154,0.03768738731741905,0.1474931240081787,0.7103762626647949,0.0039487191538393794,1,1
15,sox10,0,123,0.042229413986206055,0.3389153480529785,0.2805418074131012,0.0040151694851610405,1,1
15,melan,0,194,0.02006221003830433,0.2853458821773529,0.7103762626647949,0.0040666689847043925,1,1
15,melan,0,20,0.020207829773426056,0.2853458821773529,0.7103762626647949,0.004096186533331874,1,1
15,melan,0,190,0.020301014184951782,0.2853458821773529,0.7103762626647949,0.004115075287635915,1,1
15,melan,0,193,0.020679056644439697,0.2853458821773529,0.7103762626647949,0.0041917056061285245,1,1
15,melan,0,195,0.0207622442394495,0.2853458821773529,0.7103762626647949,0.004208567976320673,1,1
15,sox10,3,48,0.056390974670648575,0.26705101132392883,0.2805418074131012,0.004224753930691271,1,1
15,melan,0,201,0.021402060985565186,0.2853458821773529,0.7103762626647949,0.004338260712681988,1,1
15,sox10,2,5,0.05358929932117462,0.30925846099853516,0.2805418074131012,0.004649403729578691,1,1
15,melan,0,189,0.023138172924518585,0.2853458821773529,0.7103762626647949,0.004690175709217112,1,1
15,sox10,0,118,0.050250545144081116,0.3389153480529785,0.2805418074131012,0.004777818028474815,1,1
15,sox10,2,63,0.05547132343053818,0.30925846099853516,0.2805418074131012,0.004812688005060428,1,1
15,melan,0,25,0.023800477385520935,0.2853458821773529,0.7103762626647949,0.004824426771530148,1,1
15,melan,0,2,0.024094490334391594,0.2853458821773529,0.7103762626647949,0.004884024061060611,1,1
15,sox10,0,80,0.05250949040055275,0.3389153480529785,0.2805418074131012,0.004992598372464359,1,1
15,melan,1,47,0.07350946962833405,0.09602721035480499,0.7103762626647949,0.005014481609204749,1,1
15,sox10,3,71,0.0673869252204895,0.26705101132392883,0.2805418074131012,0.005048559257313993,1,1
15,melan,1,36,0.07492560148239136,0.09602721035480499,0.7103762626647949,0.005111083682029965,1,1
15,sox10,0,128,0.05506392568349838,0.3389153480529785,0.2805418074131012,0.00523547388580329,1,1
15,melan,2,46,0.01668141782283783,0.47113385796546936,0.7103762626647949,0.005582975438283878,1,1
15,melan,0,191,0.02789856120944023,0.2853458821773529,0.7103762626647949,0.00565512041652899,1,1
15,melan,2,101,0.017615070566534996,0.47113385796546936,0.7103762626647949,0.005895452494569306,1,1
15,melan,2,44,0.018205003812909126,0.47113385796546936,0.7103762626647949,0.0060928927157611005,1,1
15,melan,2,73,0.018879247829318047,0.47113385796546936,0.7103762626647949,0.006318550260161634,1,1
15,melan,0,202,0.0319983996450901,0.2853458821773529,0.7103762626647949,0.006486169726486543,1,1
15,sox10,0,129,0.06884026527404785,0.3389153480529785,0.2805418074131012,0.006545327211242715,1,1
15,melan,0,185,0.03269859403371811,0.2853458821773529,0.7103762626647949,0.00662810118857676,1,1
15,sox10,0,96,0.07169593870639801,0.3389153480529785,0.2805418074131012,0.00681684442502415,1,1
15,melan,0,192,0.03372251242399216,0.2853458821773529,0.7103762626647949,0.006835652457985554,1,1
15,sox10,0,9,0.07297935336828232,0.3389153480529785,0.2805418074131012,0.006938871393925243,1,1
15,sox10,0,120,0.0732201412320137,0.3389153480529785,0.2805418074131012,0.006961765485781862,1,1
15,melan,1,120,0.10776843130588531,0.09602721035480499,0.7103762626647949,0.0073514721241834426,1,1
15,melan,2,39,0.02211170457303524,0.47113385796546936,0.7103762626647949,0.007400396347655537,1,1
15,melan,0,21,0.0371934249997139,0.2853458821773529,0.7103762626647949,0.007539216646245895,1,1
15,melan,0,1,0.03802035003900528,0.2853458821773529,0.7103762626647949,0.007706836783984516,1,1
15,melan,2,49,0.023741215467453003,0.47113385796546936,0.7103762626647949,0.007945764816725074,1,1
15,melan,0,199,0.039499495178461075,0.2853458821773529,0.7103762626647949,0.008006663854432711,1,1
15,melan,0,154,0.040548864752054214,0.2853458821773529,0.7103762626647949,0.00821937415356107,1,1
15,melan,0,198,0.041106853634119034,0.2853458821773529,0.7103762626647949,0.008332480141195055,1,1
15,melan,1,0,0.12508641183376312,0.09602721035480499,0.7103762626647949,0.008532825972941681,1,1
15,melan,0,22,0.04217050224542618,0.2853458821773529,0.7103762626647949,0.008548084843267663,1,1
15,melan,2,118,0.027194159105420113,0.47113385796546936,0.7103762626647949,0.009101403967142893,1,1
15,melan,1,1,0.1344401240348816,0.09602721035480499,0.7103762626647949,0.009170893667450301,1,1
15,melan,0,180,0.04531877487897873,0.2853458821773529,0.7103762626647949,0.00918624896625398,1,1
15,melan,2,40,0.028317203745245934,0.47113385796546936,0.7103762626647949,0.009477267140575311,1,1
15,melan,2,42,0.029972851276397705,0.47113385796546936,0.7103762626647949,0.010031383079582658,1,1
15,melan,2,69,0.03208034858107567,0.47113385796546936,0.7103762626647949,0.010736725144221675,1,1
15,melan,2,64,0.03499450162053108,0.47113385796546936,0.7103762626647949,0.01171204061293476,1,1
15,melan,2,116,0.036651331931352615,0.47113385796546936,0.7103762626647949,0.012266552407373302,1,1
15,melan,2,102,0.03983922675251961,0.47113385796546936,0.7103762626647949,0.013333484407724092,1,1
15,melan,2,117,0.04014578089118004,0.47113385796546936,0.7103762626647949,0.013436082654756928,1,1
15,melan,2,113,0.042725976556539536,0.47113385796546936,0.7103762626647949,0.01429962849832108,1,1
15,melan,2,100,0.04382118210196495,0.47113385796546936,0.7103762626647949,0.014666174419352522,1,1
15,melan,0,200,0.07323339581489563,0.2853458821773529,0.7103762626647949,0.014844624736577034,1,1
15,melan,2,38,0.06355918198823929,0.47113385796546936,0.7103762626647949,0.02127213380099776,1,1
15,melan,2,72,0.06784823536872864,0.47113385796546936,0.7103762626647949,0.022707604090817936,1,1
15,melan,2,47,0.08162236213684082,0.47113385796546936,0.7103762626647949,0.027317560645284032,1,1
15,melan,2,114,0.0825388953089714,0.47113385796546936,0.7103762626647949,0.02762430808382442,1,1
22,sox10,0,60,0.011615058407187462,1.0,0.7380126714706421,0.00857206028437596,0,0
22,sox10,0,44,0.012450545094907284,1.0,0.7380126714706421,0.009188660046758224,0,0
22,sox10,0,100,0.012777518481016159,1.0,0.7380126714706421,0.009429970548940236,0,0
22,sox10,0,61,0.013072313740849495,1.0,0.7380126714706421,0.009647533186186719,0,0
22,sox10,0,51,0.013653934001922607,1.0,0.7380126714706421,0.010076776308842739,0,0
22,melan,0,71,0.05064410716295242,1.0,0.20229566097259521,0.010245083132896404,0,0
22,sox10,0,68,0.014384756796061993,1.0,0.7380126714706421,0.010616132791517185,0,0
22,sox10,0,4,0.01614878512918949,1.0,0.7380126714706421,0.011918008054198515,0,0
22,sox10,0,55,0.01677076704800129,1.0,0.7380126714706421,0.012377038591707246,0,0
22,sox10,0,45,0.018110936507582664,1.0,0.7380126714706421,0.013366100634796263,0,0
22,sox10,0,88,0.018684159964323044,1.0,0.7380126714706421,0.013789146809454866,0,0
22,sox10,0,64,0.019017580896615982,1.0,0.7380126714706421,0.01403521568242061,0,0
22,sox10,0,43,0.01905898004770279,1.0,0.7380126714706421,0.014065768780510801,0,0
22,sox10,0,42,0.020050980150699615,1.0,0.7380126714706421,0.014797877426622641,0,0
22,sox10,0,78,0.02151651680469513,1.0,0.7380126714706421,0.015879462047776016,0,0
22,sox10,0,52,0.021837305277585983,1.0,0.7380126714706421,0.016116208005631183,0,0
22,sox10,0,54,0.022072838619351387,1.0,0.7380126714706421,0.016290034596407876,0,0
22,sox10,0,101,0.02319256216287613,1.0,0.7380126714706421,0.017116404760073145,0,0
22,sox10,0,77,0.02454940229654312,1.0,0.7380126714706421,0.018117769971879305,0,0
22,sox10,0,63,0.025612782686948776,1.0,0.7380126714706421,0.018902558174592077,0,0
22,melan,0,14,0.09640465676784515,1.0,0.20229566097259521,0.01950224376168741,0,0
22,sox10,0,56,0.027156103402376175,1.0,0.7380126714706421,0.020041548418720634,0,0
22,sox10,0,67,0.028802476823329926,1.0,0.7380126714706421,0.02125659286535697,0,0
22,melan,0,4,0.1062399372458458,1.0,0.20229566097259521,0.021491878326835412,0,0
22,sox10,0,66,0.030647143721580505,1.0,0.7380126714706421,0.022617980410908345,0,0
22,sox10,0,98,0.030859723687171936,1.0,0.7380126714706421,0.022774867119215614,0,0
22,sox10,0,62,0.030937330797314644,1.0,0.7380126714706421,0.02283214214989715,0,0
22,melan,0,3,0.12342160940170288,1.0,0.20229566097259521,0.024967656052218956,0,0
22,sox10,0,89,0.03444509580731392,1.0,0.7380126714706421,0.02542091717581796,0,0
22,sox10,0,80,0.036538392305374146,1.0,0.7380126714706421,0.026965796516531526,0,0
22,sox10,0,82,0.03680996596813202,1.0,0.7380126714706421,0.02716622132088453,0,0
22,sox10,0,83,0.03937527537345886,1.0,0.7380126714706421,0.02905945216825856,0,0
22,sox10,0,79,0.04446135833859444,1.0,0.7380126714706421,0.03281304584467959,0,0
22,sox10,0,91,0.045856114476919174,1.0,0.7380126714706421,0.033842393548374705,0,0
22,sox10,0,94,0.050448063760995865,1.0,0.7380126714706421,0.037231310306773846,0,0
22,melan,0,13,0.20279496908187866,1.0,0.20229566097259521,0.041024542312335655,0,0
22,sox10,0,84,0.05676871910691261,1.0,0.7380126714706421,0.04189603404405906,0,0
28,sox10,0,153,0.007378835696727037,1.0,0.9179335236549377,0.006773280651567487,0,0
28,sox10,0,97,0.007429271470755339,1.0,0.9179335236549377,0.00681957733933955,0,0
28,sox10,0,45,0.007553196512162685,1.0,0.9179335236549377,0.00693333228926768,0,0
28,sox10,0,5,0.00755768408998847,1.0,0.9179335236549377,0.006937451587393978,0,0
28,sox10,0,25,0.007593456655740738,1.0,0.9179335236549377,0.006970288424725135,0,0
28,sox10,0,53,0.007606994826346636,1.0,0.9179335236549377,0.006982715565373249,0,0
28,sox10,0,63,0.0077083227224648,1.0,0.9179335236549377,0.0070757278381015365,0,0
28,sox10,0,101,0.008308974094688892,1.0,0.9179335236549377,0.007627085868695371,0,0
28,sox10,0,62,0.008445719256997108,1.0,0.9179335236549377,0.0077526088373757185,0,0
28,sox10,0,82,0.008507557213306427,1.0,0.9179335236549377,0.007809371970506351,0,0
28,sox10,0,43,0.008534359745681286,1.0,0.9179335236549377,0.007833974913492081,0,0
28,sox10,0,13,0.00855524092912674,1.0,0.9179335236549377,0.007853142451790251,0,0
28,sox10,0,58,0.008714093826711178,1.0,0.9179335236549377,0.007998958851812732,0,0
28,sox10,0,163,0.008910286240279675,1.0,0.9179335236549377,0.008179050445314029,0,0
28,melan,0,101,0.2149156630039215,0.5253444314002991,0.07302064448595047,0.008244377375385019,0,0
28,sox10,0,165,0.009053902700543404,1.0,0.9179335236549377,0.008310880808738763,0,0
28,sox10,0,81,0.009663735516369343,1.0,0.9179335236549377,0.00887066679421028,0,0
28,sox10,0,10,0.009723944589495659,1.0,0.9179335236549377,0.008925934720861117,0,0
28,sox10,0,145,0.010002298280596733,1.0,0.9179335236549377,0.009181444905355884,0,0
28,sox10,0,144,0.010178162716329098,1.0,0.9179335236549377,0.009342876766533281,0,0
28,sox10,0,85,0.01033141277730465,1.0,0.9179335236549377,0.009483550135004903,0,0
28,sox10,0,73,0.010561062023043633,1.0,0.9179335236549377,0.009694352876350787,0,0
28,sox10,0,9,0.010773672722280025,1.0,0.9179335236549377,0.00988951536466759,0,0
28,sox10,0,74,0.010791564360260963,1.0,0.9179335236549377,0.00990593869896339,0,0
28,sox10,0,44,0.010938416235148907,1.0,0.9179335236549377,0.010040738957934614,0,0
28,sox10,0,38,0.011585238389670849,1.0,0.9179335236549377,0.010634478697413019,0,0
28,sox10,0,71,0.011671504937112331,1.0,0.9179335236549377,0.010713665653279525,0,0
28,sox10,0,18,0.011844916269183159,1.0,0.9179335236549377,0.010872845728368996,0,0
28,sox10,0,166,0.011912205256521702,1.0,0.9179335236549377,0.010934612545619837,0,0
28,sox10,0,77,0.012354494072496891,1.0,0.9179335236549377,0.011340604276941113,0,0
28,sox10,0,11,0.012839404866099358,1.0,0.9179335236549377,0.011785720150370937,0,0
28,sox10,0,7,0.013099830597639084,1.0,0.9179335236549377,0.012024773659773613,0,0
28,sox10,0,65,0.013209210708737373,1.0,0.9179335236549377,0.012125177330571835,0,0
28,sox10,0,84,0.013570115901529789,1.0,0.9179335236549377,0.012456464305897141,0,0
28,sox10,0,167,0.013662739656865597,1.0,0.9179335236549377,0.012541486756006692,0,0
28,sox10,0,57,0.014336999505758286,1.0,0.9179335236549377,0.013160412474959804,0,0
28,sox10,0,83,0.014418738894164562,1.0,0.9179335236549377,0.013235443799780977,0,0
28,sox10,0,4,0.014649069868028164,1.0,0.9179335236549377,0.013446872322226466,0,0
28,sox10,0,17,0.016414301469922066,1.0,0.9179335236549377,0.015067237586619986,0,0
28,sox10,0,51,0.016460036858916283,1.0,0.9179335236549377,0.015109219633395177,0,0
28,sox10,0,99,0.01789821870625019,1.0,0.9179335236549377,0.01642937496417496,0,0
28,sox10,0,56,0.018915483728051186,1.0,0.9179335236549377,0.017363156630127663,0,0
28,sox10,0,3,0.019489236176013947,1.0,0.9179335236549377,0.017889823236391766,0,0
28,sox10,0,68,0.020013602450489998,1.0,0.9179335236549377,0.01837115661840738,0,0
28,sox10,0,52,0.020150642842054367,1.0,0.9179335236549377,0.018496950587919114,0,0
28,sox10,0,89,0.022029628977179527,1.0,0.9179335236549377,0.020221734951833326,0,0
28,sox10,0,64,0.02245006524026394,1.0,0.9179335236549377,0.020607667492278714,0,0
28,sox10,0,47,0.024229392409324646,1.0,0.9179335236549377,0.022240971550309574,0,0
28,sox10,0,50,0.025429371744394302,1.0,0.9179335236549377,0.023342472809663173,0,0
28,sox10,0,88,0.025640275329351425,1.0,0.9179335236549377,0.023536068280554323,0,0
28,sox10,0,75,0.026016291230916977,1.0,0.9179335236549377,0.023881225882028678,0,0
28,sox10,0,48,0.029033562168478966,1.0,0.9179335236549377,0.026650880025566592,0,0
38,melan,5,2,0.024464290589094162,0.0690004825592041,0.9817283749580383,0.0016572044786362522,1,1
38,melan,5,8,0.024524511769413948,0.0690004825592041,0.9817283749580383,0.001661283845228603,1,1
38,melan,13,9,0.05069868639111519,0.03364880010485649,0.9817283749580383,0.0016747794858717377,1,1
38,melan,8,1,0.030714048072695732,0.05573645606637001,0.9817283749580383,0.001680613138797526,1,1
38,melan,0,13,0.012967278249561787,0.13205261528491974,0.9817283749580383,0.0016810753512008626,1,1
38,melan,2,22,0.030551115050911903,0.058444514870643616,0.9817283749580383,0.0017529202873832813,1,1
38,melan,14,21,0.043284740298986435,0.04151267930865288,0.9817283749580383,0.0017640338895378107,1,1
38,melan,2,13,0.03091372549533844,0.058444514870643616,0.9817283749580383,0.0017737256558090525,1,1
38,melan,4,17,0.04528972506523132,0.04010607674717903,0.9817283749580383,0.0017832047340406896,1,1
38,melan,5,11,0.026338182389736176,0.0690004825592041,0.9817283749580383,0.001784141406285732,1,1
38,melan,1,7,0.013068968430161476,0.14300327003002167,0.9817283749580383,0.0018347572859872363,1,1
38,melan,10,15,0.044585008174180984,0.04270198196172714,0.9817283749580383,0.0018690814486668824,1,1
38,melan,10,7,0.04464641958475113,0.04270198196172714,0.9817283749580383,0.0018716559223057498,1,1
38,melan,8,24,0.034486204385757446,0.05573645606637001,0.9817283749580383,0.0018870182159246042,1,1
38,melan,0,43,0.014607167802751064,0.13205261528491974,0.9817283749580383,0.001893670303935177,1,1
38,melan,1,20,0.013530366122722626,0.14300327003002167,0.9817283749580383,0.0018995330777942265,1,1
38,melan,10,16,0.045867349952459335,0.04270198196172714,0.9817283749580383,0.0019228394567234683,1,1
38,melan,12,26,0.037412889301776886,0.0525142066180706,0.9817283749580383,0.0019288097874440209,1,1
38,melan,2,17,0.03399060666561127,0.058444514870643616,0.9817283749580383,0.00195026675475915,1,1
38,melan,2,4,0.03446870297193527,0.058444514870643616,0.9817283749580383,0.00197769831374748,1,1
38,melan,0,49,0.015268371440470219,0.13205261528491974,0.9817283749580383,0.001979388610899985,1,1
38,melan,2,45,0.0346236377954483,0.058444514870643616,0.9817283749580383,0.0019865879531241627,1,1
38,melan,6,2,0.02016584388911724,0.10066983848810196,0.9817283749580383,0.0019929991629505663,1,1
38,melan,2,50,0.035059358924627304,0.058444514870643616,0.9817283749580383,0.0020115881668874448,1,1
38,melan,2,3,0.03551529720425606,0.058444514870643616,0.9817283749580383,0.0020377483727857895,1,1
38,melan,14,11,0.05012018233537674,0.04151267930865288,0.9817283749580383,0.0020426066918435275,1,1
38,melan,1,2,0.0146134402602911,0.14300327003002167,0.9817283749580383,0.0020515862544307198,1,1
38,melan,0,11,0.01583065837621689,0.13205261528491974,0.9817283749580383,0.002052283376462522,1,1
38,melan,0,25,0.01593475230038166,0.13205261528491974,0.9817283749580383,0.0020657780919113157,1,1
38,melan,2,5,0.03608584776520729,0.058444514870643616,0.9817283749580383,0.0020704846461297465,1,1
38,melan,1,9,0.014798556454479694,0.14300327003002167,0.9817283749580383,0.0020775747850371525,1,1
38,melan,9,12,0.01851963810622692,0.11439699679613113,0.9817283749580383,0.002079880881079543,1,1
38,melan,0,37,0.016093021258711815,0.13205261528491974,0.9817283749580383,0.0020862960479224816,1,1
38,melan,12,24,0.040673114359378815,0.0525142066180706,0.9817283749580383,0.002096889668942887,1,1
38,melan,14,3,0.05192311108112335,0.04151267930865288,0.9817283749580383,0.0021160835658169033,1,1
38,melan,12,28,0.04109559953212738,0.0525142066180706,0.9817283749580383,0.0021186707596700526,1,1
38,melan,0,9,0.016438785940408707,0.13205261528491974,0.9817283749580383,0.0021311209119016365,1,1
38,melan,2,2,0.03734289109706879,0.058444514870643616,0.9817283749580383,0.0021426095670980276,1,1
38,melan,10,25,0.0520610585808754,0.04270198196172714,0.9817283749580383,0.002182490545057784,1,1
38,melan,14,22,0.05438176915049553,0.04151267930865288,0.9817283749580383,0.002216284147527675,1,1
38,melan,14,5,0.05500983074307442,0.04151267930865288,0.9817283749580383,0.0022418802797066683,1,1
38,melan,13,2,0.06983833014965057,0.03364880010485649,0.9817283749580383,0.002307038130334479,1,1
38,melan,10,23,0.05527494102716446,0.04270198196172714,0.9817283749580383,0.002317222113011912,1,1
38,melan,13,13,0.07140925526618958,0.03364880010485649,0.9817283749580383,0.0023589320421160127,1,1
38,melan,14,25,0.0586601123213768,0.04151267930865288,0.9817283749580383,0.002390644494670244,1,1
38,melan,1,1,0.017496705055236816,0.14300327003002167,0.9817283749580383,0.002456368859747013,1,1
38,melan,17,0,0.026871753856539726,0.09611004590988159,0.9817283749580383,0.002535456366696663,1,1
38,melan,10,24,0.06128216162323952,0.04270198196172714,0.9817283749580383,0.0025690552971689936,1,1
38,melan,12,5,0.05017914995551109,0.0525142066180706,0.9817283749580383,0.0025869703561016938,1,1
38,melan,8,22,0.04729883745312691,0.05573645606637001,0.9817283749580383,0.002588100646499925,1,1
38,melan,13,18,0.08061555027961731,0.03364880010485649,0.9817283749580383,0.00266305262446061,1,1
38,melan,10,26,0.06377995759248734,0.04270198196172714,0.9817283749580383,0.0026737672687455645,1,1
38,melan,8,8,0.04931168630719185,0.05573645606637001,0.9817283749580383,0.0026982398317531497,1,1
38,melan,13,3,0.08272438496351242,0.03364880010485649,0.9817283749580383,0.002732715831125098,1,1
38,melan,12,11,0.053055454045534134,0.0525142066180706,0.9817283749580383,0.0027352573123897296,1,1
38,melan,12,27,0.053215477615594864,0.0525142066180706,0.9817283749580383,0.0027435072774128857,1,1
38,melan,5,3,0.04119172692298889,0.0690004825592041,0.9817283749580383,0.002790316526487362,1,1
38,melan,5,0,0.041688401252031326,0.0690004825592041,0.9817283749580383,0.0028239611122363433,1,1
38,melan,13,10,0.08862346410751343,0.03364880010485649,0.9817283749580383,0.0029275859044774932,1,1
38,melan,2,18,0.05130402743816376,0.058444514870643616,0.9817283749580383,0.002943652641514354,1,1
38,melan,12,25,0.05768726021051407,0.0525142066180706,0.9817283749580383,0.0029740486281979034,1,1
38,melan,0,8,0.02315979264676571,0.13205261528491974,0.9817283749580383,0.003002430873164654,1,1
38,melan,5,9,0.04451115429401398,0.0690004825592041,0.9817283749580383,0.0030151736457133243,1,1
38,melan,10,6,0.07287594676017761,0.04270198196172714,0.9817283749580383,0.0030550870286116198,1,1
38,melan,0,64,0.023776469752192497,0.13205261528491974,0.9817283749580383,0.00308237676941454,1,1
38,melan,12,6,0.06066726893186569,0.0525142066180706,0.9817283749580383,0.0031276820442660545,1,1
38,melan,13,4,0.09882381558418274,0.03364880010485649,0.9817283749580383,0.0032645441299829388,1,1
38,melan,17,12,0.035129792988300323,0.09611004590988159,0.9817283749580383,0.003314635053909778,1,1
38,melan,8,17,0.06139835715293884,0.05573645606637001,0.9817283749580383,0.003359599017608606,1,1
38,melan,8,6,0.06365707516670227,0.05573645606637001,0.9817283749580383,0.0034831916864025343,1,1
38,melan,14,2,0.08576326817274094,0.04151267930865288,0.9817283749580383,0.0034952112566510453,1,1
38,melan,9,6,0.03150720149278641,0.11439699679613113,0.9817283749580383,0.0035384722760394283,1,1
38,melan,4,12,0.09078337997198105,0.04010607674717903,0.9817283749580383,0.0035744388535166854,1,1
38,melan,0,19,0.027776557952165604,0.13205261528491974,0.9817283749580383,0.0036009474012918545,1,1
38,melan,0,14,0.027943314984440804,0.13205261528491974,0.9817283749580383,0.003622565749506656,1,1
38,melan,14,34,0.0891498476266861,0.04151267930865288,0.9817283749580383,0.003633228509038525,1,1
38,melan,1,16,0.026400640606880188,0.14300327003002167,0.9817283749580383,0.003706395647602419,1,1
38,melan,10,5,0.09006037563085556,0.04270198196172714,0.9817283749580383,0.0037754883142330003,1,1
38,melan,12,23,0.07414449006319046,0.0525142066180706,0.9817283749580383,0.0038224959576200275,1,1
38,melan,14,36,0.09422659873962402,0.04151267930865288,0.9817283749580383,0.003840127313331016,1,1
38,melan,1,14,0.02740735560655594,0.14300327003002167,0.9817283749580383,0.0038477287367776067,1,1
38,melan,4,18,0.10084935277700424,0.04010607674717903,0.9817283749580383,0.003970769154325291,1,1
38,melan,13,11,0.12138193100690842,0.03364880010485649,0.9817283749580383,0.004009728505342389,1,1
38,melan,4,13,0.10464619100093842,0.04010607674717903,0.9817283749580383,0.004120263104344956,1,1
38,melan,4,14,0.10692982375621796,0.04010607674717903,0.9817283749580383,0.0042101772015084886,1,1
38,melan,5,10,0.06276305019855499,0.0690004825592041,0.9817283749580383,0.004251552175736663,1,1
38,melan,1,13,0.03138605132699013,0.14300327003002167,0.9817283749580383,0.004406299292732547,1,1
38,melan,12,3,0.08946008235216141,0.0525142066180706,0.9817283749580383,0.004612086520091404,1,1
38,melan,8,5,0.08506598323583603,0.05573645606637001,0.9817283749580383,0.004654645612082889,1,1
38,melan,17,10,0.050016000866889954,0.09611004590988159,0.9817283749580383,0.004719207704554037,1,1
38,melan,17,15,0.05409633740782738,0.09611004590988159,0.9817283749580383,0.005104203612011974,1,1
38,melan,1,5,0.036534812301397324,0.14300327003002167,0.9817283749580383,0.005129135740160068,1,1
38,melan,9,14,0.04610058292746544,0.11439699679613113,0.9817283749580383,0.005177407921660092,1,1
38,melan,4,16,0.1354275941848755,0.04010607674717903,0.9817283749580383,0.005332227712188208,1,1
38,melan,0,39,0.0417105071246624,0.13205261528491974,0.9817283749580383,0.005407341777040027,1,1
38,melan,17,8,0.057721301913261414,0.09611004590988159,0.9817283749580383,0.005446233365016553,1,1
38,melan,5,7,0.08055665343999863,0.0690004825592041,0.9817283749580383,0.005456886083761043,1,1
38,melan,9,2,0.049413930624723434,0.11439699679613113,0.9817283749580383,0.005549519325153378,1,1
38,melan,9,21,0.049413930624723434,0.11439699679613113,0.9817283749580383,0.005549519325153378,1,1
38,melan,0,29,0.04345972090959549,0.13205261528491974,0.9817283749580383,0.005634109501248549,1,1
38,melan,6,9,0.05769000202417374,0.10066983848810196,0.9817283749580383,0.005701528107476975,1,1
38,melan,5,6,0.08532902598381042,0.0690004825592041,0.9817283749580383,0.005780165319041678,1,1
38,melan,8,13,0.10648412257432938,0.05573645606637001,0.9817283749580383,0.005826604654918001,1,1
38,melan,6,10,0.059639718383550644,0.10066983848810196,0.9817283749580383,0.005894219427195374,1,1
38,melan,6,11,0.060592737048864365,0.10066983848810196,0.9817283749580383,0.0059884066783062245,1,1
38,melan,8,9,0.11543368548154831,0.05573645606637001,0.9817283749580383,0.006316307378986408,1,1
38,melan,0,17,0.04973575845360756,0.13205261528491974,0.9817283749580383,0.006447733749560366,1,1
38,melan,4,15,0.1684500128030777,0.04010607674717903,0.9817283749580383,0.006632428433756682,1,1
38,melan,0,40,0.05353778600692749,0.13205261528491974,0.9817283749580383,0.006940627838934029,1,1
38,melan,0,31,0.055000852793455124,0.13205261528491974,0.9817283749580383,0.0071302995236667424,1,1
38,melan,1,8,0.05210350826382637,0.14300327003002167,0.9817283749580383,0.007314830694052754,1,1
38,melan,0,24,0.05652526766061783,0.13205261528491974,0.9817283749580383,0.007327924361267336,1,1
38,melan,0,7,0.05755661800503731,0.13205261528491974,0.9817283749580383,0.007461628413042018,1,1
38,melan,9,16,0.07032962143421173,0.11439699679613113,0.9817283749580383,0.007898493164690715,1,1
38,melan,12,4,0.15322993695735931,0.0525142066180706,0.9817283749580383,0.007899721396784718,1,1
38,melan,9,18,0.07247235625982285,0.11439699679613113,0.9817283749580383,0.008139136808559403,1,1
38,melan,9,13,0.07505819201469421,0.11439699679613113,0.9817283749580383,0.008429543690017876,1,1
38,melan,6,0,0.0879477933049202,0.10066983848810196,0.9817283749580383,0.008691918840780447,1,1
38,melan,0,21,0.06783121079206467,0.13205261528491974,0.9817283749580383,0.00879362456099863,1,1
38,melan,9,15,0.07890979200601578,0.11439699679613113,0.9817283749580383,0.008862104474281924,1,1
38,melan,0,35,0.06966415047645569,0.13205261528491974,0.9817283749580383,0.009031246494018519,1,1
38,melan,6,12,0.09170287102460861,0.10066983848810196,0.9817283749580383,0.00906303481258424,1,1
38,melan,1,18,0.0680028572678566,0.14300327003002167,0.9817283749580383,0.00954694615010317,1,1
38,melan,0,22,0.07388867437839508,0.13205261528491974,0.9817283749580383,0.009578912925279775,1,1
38,melan,0,33,0.07702606171369553,0.13205261528491974,0.9817283749580383,0.00998564319010783,1,1
38,melan,17,3,0.11505458503961563,0.09611004590988159,0.9817283749580383,0.01085585562124899,1,1
38,melan,5,13,0.1664612740278244,0.0690004825592041,0.9817283749580383,0.011276042026797283,1,1
38,melan,1,11,0.08504875749349594,0.14300327003002167,0.9817283749580383,0.01194002635397178,1,1
38,melan,8,27,0.22740952670574188,0.05573645606637001,0.9817283749580383,0.01244340822690692,1,1
38,melan,9,17,0.11269140243530273,0.11439699679613113,0.9817283749580383,0.01265600828929907,1,1
38,melan,1,15,0.098391592502594,0.14300327003002167,0.9817283749580383,0.013813231869731508,1,1
38,melan,17,11,0.14737673103809357,0.09611004590988159,0.9817283749580383,0.013905578065666052,1,1
38,melan,6,1,0.15756388008594513,0.10066983848810196,0.9817283749580383,0.01557210711583459,1,1
38,melan,9,0,0.15254414081573486,0.11439699679613113,0.9817283749580383,0.017131740921906814,1,1
38,melan,9,10,0.16356298327445984,0.11439699679613113,0.9817283749580383,0.018369231613143584,1,1
38,melan,1,10,0.14772573113441467,0.14300327003002167,0.9817283749580383,0.020739269742295178,1,1
38,melan,5,14,0.33468863368034363,0.0690004825592041,0.9817283749580383,0.022671718219819035,1,1
38,melan,6,8,0.42747944593429565,0.10066983848810196,0.9817283749580383,0.04224798042721127,1,1
38,melan,17,9,0.4584767520427704,0.09611004590988159,0.9817283749580383,0.043259096751005206,1,1
38,melan,1,19,0.31760162115097046,0.14300327003002167,0.9817283749580383,0.044588208439103334,1,1
41,melan,0,197,0.007893221452832222,0.4101770222187042,0.7880932688713074,0.0025515450091168146,1,1
41,melan,2,36,0.05206519737839699,0.06314106285572052,0.7880932688713074,0.002590818714336924,1,1
41,h&e,4,11,0.014389132149517536,0.8995634317398071,0.2104373574256897,0.002723887917203966,1,1
41,h&e,4,47,0.01448643859475851,0.8995634317398071,0.2104373574256897,0.002742308197711769,1,1
41,melan,0,283,0.00853060930967331,0.4101770222187042,0.7880932688713074,0.0027575855737599093,1,1
41,melan,0,106,0.008841486647725105,0.4101770222187042,0.7880932688713074,0.0028580790826641805,1,1
41,melan,3,31,0.029851049184799194,0.12495121359825134,0.7880932688713074,0.0029395286462618256,1,1
41,melan,0,122,0.009105337783694267,0.4101770222187042,0.7880932688713074,0.0029433710072801246,1,1
41,melan,0,113,0.009206285700201988,0.4101770222187042,0.7880932688713074,0.0029760032036634646,1,1
41,melan,0,282,0.009207197465002537,0.4101770222187042,0.7880932688713074,0.002976297938701653,1,1
41,melan,0,204,0.00944411288946867,0.4101770222187042,0.7880932688713074,0.0030528826858155765,1,1
41,melan,0,202,0.009596266783773899,0.4101770222187042,0.7880932688713074,0.0031020676113814104,1,1
41,melan,3,2,0.031593888998031616,0.12495121359825134,0.7880932688713074,0.003111151677838589,1,1
41,h&e,4,23,0.016462204977869987,0.8995634317398071,0.2104373574256897,0.003116324234415941,1,1
41,melan,0,211,0.00971297174692154,0.4101770222187042,0.7880932688713074,0.0031397933952122536,1,1
41,melan,3,14,0.03317202627658844,0.12495121359825134,0.7880932688713074,0.0032665559220690977,1,1
41,melan,0,194,0.010555200278759003,0.4101770222187042,0.7880932688713074,0.003412050295615646,1,1
41,melan,3,22,0.03512747213244438,0.12495121359825134,0.7880932688713074,0.0034591149532079285,1,1
41,melan,0,200,0.010957342572510242,0.4101770222187042,0.7880932688713074,0.0035420459087765546,1,1
41,melan,4,35,0.012347472831606865,0.37033388018608093,0.7880932688713074,0.0036037042584905203,1,1
41,melan,2,28,0.07345927506685257,0.06314106285572052,0.7880932688713074,0.003655410411711861,1,1
41,melan,0,158,0.01130818109959364,0.4101770222187042,0.7880932688713074,0.0036554571817447455,1,1
41,melan,4,17,0.01272774487733841,0.37033388018608093,0.7880932688713074,0.003714689559634878,1,1
41,melan,0,210,0.011573978699743748,0.4101770222187042,0.7880932688713074,0.0037413783159927767,1,1
41,melan,0,162,0.011732582002878189,0.4101770222187042,0.7880932688713074,0.0037926480629472243,1,1
41,melan,0,7,0.011910929344594479,0.4101770222187042,0.7880932688713074,0.0038503002233946123,1,1
41,h&e,4,88,0.0204693041741848,0.8995634317398071,0.2104373574256897,0.0038748751303603925,1,1
41,h&e,4,45,0.021101927384734154,0.8995634317398071,0.2104373574256897,0.003994631812101337,1,1
41,melan,0,125,0.012413154356181622,0.4101770222187042,0.7880932688713074,0.004012648350762685,1,1
41,melan,0,133,0.012453851290047169,0.4101770222187042,0.7880932688713074,0.0040258039500463885,1,1
41,melan,0,8,0.012542479671537876,0.4101770222187042,0.7880932688713074,0.004054453761255927,1,1
41,melan,3,30,0.04162990674376488,0.12495121359825134,0.7880932688713074,0.004099430564632209,1,1
41,melan,0,137,0.013196264393627644,0.4101770222187042,0.7880932688713074,0.004265794739670564,1,1
41,melan,4,78,0.014888584613800049,0.37033388018608093,0.7880932688713074,0.004345347141668121,1,1
41,melan,0,57,0.013723758980631828,0.4101770222187042,0.7880932688713074,0.00443631145313788,1,1
41,melan,0,68,0.013767339289188385,0.4101770222187042,0.7880932688713074,0.004450399125637345,1,1
41,melan,0,1,0.013839015737175941,0.4101770222187042,0.7880932688713074,0.0044735690929601606,1,1
41,melan,0,30,0.013989266008138657,0.4101770222187042,0.7880932688713074,0.004522138657526958,1,1
41,melan,4,73,0.01582283154129982,0.37033388018608093,0.7880932688713074,0.00461801424343282,1,1
41,melan,0,132,0.015622059814631939,0.4101770222187042,0.7880932688713074,0.005049951910046295,1,1
41,melan,3,4,0.0514332577586174,0.12495121359825134,0.7880932688713074,0.00506479801148876,1,1
41,h&e,4,96,0.026796407997608185,0.8995634317398071,0.2104373574256897,0.005072606965500695,1,1
41,h&e,4,57,0.028307272121310234,0.8995634317398071,0.2104373574256897,0.005358616190263216,1,1
41,h&e,4,97,0.028316322714090347,0.8995634317398071,0.2104373574256897,0.00536032948332781,1,1
41,h&e,4,72,0.028604554012417793,0.8995634317398071,0.2104373574256897,0.005414892172912981,1,1
41,h&e,4,93,0.028790093958377838,0.8995634317398071,0.2104373574256897,0.005450015209640126,1,1
41,melan,0,161,0.01698332279920578,0.4101770222187042,0.7880932688713074,0.0054899907199467265,1,1
41,melan,3,39,0.05733622610569,0.12495121359825134,0.7880932688713074,0.005646082255361593,1,1
41,melan,0,136,0.017934007570147514,0.4101770222187042,0.7880932688713074,0.005797306940204218,1,1
41,melan,2,1,0.11983445286750793,0.06314106285572052,0.7880932688713074,0.005963087796538083,1,1
41,melan,0,160,0.01870034635066986,0.4101770222187042,0.7880932688713074,0.00604503189032998,1,1
41,melan,0,100,0.018889913335442543,0.4101770222187042,0.7880932688713074,0.0061063108873504555,1,1
41,h&e,4,99,0.03245793655514717,0.8995634317398071,0.2104373574256897,0.006144344237112502,1,1
41,melan,4,43,0.021239396184682846,0.37033388018608093,0.7880932688713074,0.006198880007460451,1,1
41,melan,0,134,0.019398819655179977,0.4101770222187042,0.7880932688713074,0.00627081879935996,1,1
41,h&e,4,17,0.03474212810397148,0.8995634317398071,0.2104373574256897,0.006576745697865683,1,1
41,melan,2,27,0.13344964385032654,0.06314106285572052,0.7880932688713074,0.006640593949855653,1,1
41,melan,0,203,0.020990047603845596,0.4101770222187042,0.7880932688713074,0.006785195566190456,1,1
41,melan,4,53,0.023288898169994354,0.37033388018608093,0.7880932688713074,0.006797042816399443,1,1
41,melan,3,21,0.07238046824932098,0.12495121359825134,0.7880932688713074,0.00712753707689001,1,1
41,melan,0,62,0.02297505922615528,0.4101770222187042,0.7880932688713074,0.007426865957450768,1,1
41,h&e,4,46,0.04020170867443085,0.8995634317398071,0.2104373574256897,0.007610253861829167,1,1
41,h&e,4,39,0.04039951413869858,0.8995634317398071,0.2104373574256897,0.0076476987826539335,1,1
41,h&e,4,40,0.04181443154811859,0.8995634317398071,0.2104373574256897,0.007915545126360628,1,1
41,melan,0,214,0.024830924347043037,0.4101770222187042,0.7880932688713074,0.008026788741207965,1,1
41,melan,0,83,0.025119496509432793,0.4101770222187042,0.7880932688713074,0.008120071929208656,1,1
41,melan,0,213,0.026274537667632103,0.4101770222187042,0.7880932688713074,0.008493447935461524,1,1
41,melan,0,196,0.026425540447235107,0.4101770222187042,0.7880932688713074,0.008542260754278429,1,1
41,melan,4,20,0.030520321801304817,0.37033388018608093,0.7880932688713074,0.00890758903832712,1,1
41,h&e,4,104,0.047522325068712234,0.8995634317398071,0.2104373574256897,0.008996059366682838,1,1
41,h&e,4,12,0.04826803505420685,0.8995634317398071,0.2104373574256897,0.009137223572982467,1,1
41,melan,0,82,0.028329895809292793,0.4101770222187042,0.7880932688713074,0.009157858384305599,1,1
41,melan,0,216,0.029002703726291656,0.4101770222187042,0.7880932688713074,0.009375348757909237,1,1
41,h&e,4,34,0.052884843200445175,0.8995634317398071,0.2104373574256897,0.010011193440999079,1,1
41,h&e,4,92,0.05587104335427284,0.8995634317398071,0.2104373574256897,0.010576486360185768,1,1
41,melan,4,45,0.036436598747968674,0.37033388018608093,0.7880932688713074,0.010634299654974595,1,1
41,h&e,4,28,0.058730531483888626,0.8995634317398071,0.2104373574256897,0.011117792471264173,1,1
41,h&e,4,103,0.058895666152238846,0.8995634317398071,0.2104373574256897,0.011149052753201728,1,1
41,melan,0,304,0.035496149212121964,0.4101770222187042,0.7880932688713074,0.011474405337070262,1,1
41,h&e,4,100,0.062419816851615906,0.8995634317398071,0.2104373574256897,0.011816180652834017,1,1
41,h&e,4,50,0.0639437660574913,0.8995634317398071,0.2104373574256897,0.012104666906569323,1,1
41,melan,4,9,0.04873069003224373,0.37033388018608093,0.7880932688713074,0.014222424101136876,1,1
41,melan,0,46,0.04876313731074333,0.4101770222187042,0.7880932688713074,0.015763062062506883,1,1
41,melan,4,33,0.06044529378414154,0.37033388018608093,0.7880932688713074,0.017641420684727602,1,1
41,melan,2,37,0.441560298204422,0.06314106285572052,0.7880932688713074,0.021972502587128993,1,1
41,melan,4,69,0.4265879988670349,0.37033388018608093,0.7880932688713074,0.12450296583791093,1,1
46,sox10,0,71,0.09072908759117126,1.0,0.2250833660364151,0.02042160843243357,0,0
46,sox10,0,30,0.1020583063364029,1.0,0.2250833660364151,0.022971627122173155,0,0
46,melan,0,11,0.033643513917922974,1.0,0.7158775925636292,0.02408463774894365,0,0
46,melan,0,10,0.037611886858940125,1.0,0.7158775925636292,0.026925507016353656,0,0
46,melan,0,58,0.04056183248758316,1.0,0.7158775925636292,0.029037306991180234,0,0
46,melan,0,15,0.0523759126663208,1.0,0.7158775925636292,0.037494742267888626,0,0
46,melan,0,19,0.0710899606347084,1.0,0.7158775925636292,0.05089170987461822,0,0
46,melan,0,60,0.12119682878255844,1.0,0.7158775925636292,0.0867620940152043,0,0
46,melan,0,61,0.12119682878255844,1.0,0.7158775925636292,0.0867620940152043,0,0
46,melan,0,18,0.2713747024536133,1.0,0.7158775925636292,0.19427106867516386,0,0
51,melan,0,39,0.013669852167367935,0.5896629095077515,0.9764063954353333,0.00787042607931117,1,1
51,melan,0,112,0.01409842073917389,0.5896629095077515,0.9764063954353333,0.008117174707095649,1,1
51,melan,0,15,0.015072264708578587,0.5896629095077515,0.9764063954353333,0.00867786599183969,1,1
51,melan,0,173,0.015555284917354584,0.5896629095077515,0.9764063954353333,0.008955965184240605,1,1
51,melan,0,40,0.015709949657320976,0.5896629095077515,0.9764063954353333,0.009045013506642162,1,1
51,melan,1,64,0.023635894060134888,0.4103371202945709,0.9764063954353333,0.009469857772514478,1,1
51,melan,1,4,0.02587386965751648,0.4103371202945709,0.9764063954353333,0.010366515650216982,1,1
51,melan,0,131,0.018022973090410233,0.5896629095077515,0.9764063954353333,0.010376738219313193,1,1
51,melan,0,41,0.018225165084004402,0.5896629095077515,0.9764063954353333,0.010493150388218006,1,1
51,melan,0,5,0.019076500087976456,0.5896629095077515,0.9764063954353333,0.01098330705819919,1,1
51,melan,0,60,0.019701972603797913,0.5896629095077515,0.9764063954353333,0.011343423256980395,1,1
51,melan,0,8,0.019888611510396004,0.5896629095077515,0.9764063954353333,0.01145088072615554,1,1
51,melan,0,103,0.020657844841480255,0.5896629095077515,0.9764063954353333,0.01189376730575537,1,1
51,melan,0,6,0.021617526188492775,0.5896629095077515,0.9764063954353333,0.012446304451649766,1,1
51,melan,0,129,0.022026725113391876,0.5896629095077515,0.9764063954353333,0.012681900992908638,1,1
51,melan,0,11,0.022110799327492714,0.5896629095077515,0.9764063954353333,0.012730306775147922,1,1
51,melan,0,67,0.02248973958194256,0.5896629095077515,0.9764063954353333,0.01294848186765129,1,1
51,melan,1,41,0.03373851627111435,0.4103371202945709,0.9764063954353333,0.013517531840777553,1,1
51,melan,0,106,0.026458146050572395,0.5896629095077515,0.9764063954353333,0.01523329441584911,1,1
51,melan,0,95,0.026735464110970497,0.5896629095077515,0.9764063954353333,0.015392960465496043,1,1
51,melan,0,105,0.030103109776973724,0.5896629095077515,0.9764063954353333,0.0173318845995011,1,1
51,melan,0,34,0.030446482822299004,0.5896629095077515,0.9764063954353333,0.017529581848730456,1,1
51,melan,0,4,0.030486907809972763,0.5896629095077515,0.9764063954353333,0.017552856561093687,1,1
51,melan,1,35,0.046770382672548294,0.4103371202945709,0.9764063954353333,0.018738824549993784,1,1
51,melan,0,107,0.034061580896377563,0.5896629095077515,0.9764063954353333,0.019610976864063226,1,1
51,melan,0,10,0.035501111298799515,0.5896629095077515,0.9764063954353333,0.0204397874087909,1,1
51,melan,0,7,0.03664286062121391,0.5896629095077515,0.9764063954353333,0.02109715030731714,1,1
51,melan,1,63,0.0563720241189003,0.4103371202945709,0.9764063954353333,0.022585777774961607,1,1
51,melan,0,102,0.04230279475450516,0.5896629095077515,0.9764063954353333,0.02435586098424584,1,1
51,melan,1,12,0.06261121481657028,0.4103371202945709,0.9764063954353333,0.02508554564378886,1,1
51,melan,0,104,0.04370647296309471,0.5896629095077515,0.9764063954353333,0.02516402960557272,1,1
51,melan,0,9,0.046686530113220215,0.5896629095077515,0.9764063954353333,0.026879799405057064,1,1
51,melan,1,68,0.08623768389225006,0.4103371202945709,0.9764063954353333,0.034551627241724496,1,1
51,melan,0,96,0.06011359021067619,0.5896629095077515,0.9764063954353333,0.03461043779570203,1,1
51,melan,1,23,0.13976263999938965,0.4103371202945709,0.9764063954353333,0.05599671073740672,1,1
51,melan,1,67,0.16258904337882996,0.4103371202945709,0.9764063954353333,0.0651422413829316,1,1
51,melan,1,62,0.17287932336330414,0.4103371202945709,0.9764063954353333,0.06926510162440991,1,1
57,melan,2,6,0.010663298889994621,0.3374439477920532,0.9940577745437622,0.003576883968040492,1,1
57,melan,1,128,0.015677234157919884,0.23030182719230652,0.9940577745437622,0.0035890412925994454,1,1
57,melan,2,13,0.010952411219477654,0.3374439477920532,0.9940577745437622,0.0036738634550603122,1,1
57,melan,2,199,0.011109847575426102,0.3374439477920532,0.9940577745437622,0.00372667371419195,1,1
57,melan,1,5,0.016414305195212364,0.23030182719230652,0.9940577745437622,0.0037577814135783373,1,1
57,melan,2,193,0.01139321643859148,0.3374439477920532,0.9940577745437622,0.0038217266198784954,1,1
57,melan,2,200,0.011796267703175545,0.3374439477920532,0.9940577745437622,0.003956925644257518,1,1
57,melan,2,125,0.012305848300457,0.3374439477920532,0.9940577745437622,0.004127858738006844,1,1
57,melan,1,121,0.0196297038346529,0.23030182719230652,0.9940577745437622,0.004493893305055715,1,1
57,melan,2,145,0.013424493372440338,0.3374439477920532,0.9940577745437622,0.004503095675954733,1,1
57,melan,1,116,0.019850874319672585,0.23030182719230652,0.9940577745437622,0.004544526598878075,1,1
57,melan,1,26,0.02045285515487194,0.23030182719230652,0.9940577745437622,0.004682340071147513,1,1
57,melan,1,50,0.020850667729973793,0.23030182719230652,0.9940577745437622,0.004773412625424225,1,1
57,melan,1,126,0.02128562144935131,0.23030182719230652,0.9940577745437622,0.004872988025235868,1,1
57,melan,1,105,0.021394547075033188,0.23030182719230652,0.9940577745437622,0.004897924730553687,1,1
57,melan,1,186,0.021585626527667046,0.23030182719230652,0.9940577745437622,0.004941669184375202,1,1
57,melan,2,53,0.01488339714705944,0.3374439477920532,0.9940577745437622,0.004992468577922734,1,1
57,melan,1,109,0.022239919751882553,0.23030182719230652,0.9940577745437622,0.005091458705634037,1,1
57,melan,1,19,0.02347838506102562,0.23030182719230652,0.9940577745437622,0.0053749846828052665,1,1
57,melan,1,29,0.02611922100186348,0.23030182719230652,0.9940577745437622,0.0059795600271021826,1,1
57,melan,0,3,0.014729512855410576,0.43225425481796265,0.9940577745437622,0.006329061079959096,1,1
57,melan,1,14,0.029021264985203743,0.23030182719230652,0.9940577745437622,0.006643934596253222,1,1
57,melan,1,49,0.033355992287397385,0.23030182719230652,0.9940577745437622,0.007636298116694216,1,1
57,melan,0,11,0.018252210691571236,0.43225425481796265,0.9940577745437622,0.007842713974671824,1,1
57,melan,2,164,0.023433368653059006,0.3374439477920532,0.9940577745437622,0.007860460587009923,1,1
57,melan,2,113,0.02406216412782669,0.3374439477920532,0.9940577745437622,0.008071382973794308,1,1
57,melan,0,4,0.020227309316396713,0.43225425481796265,0.9940577745437622,0.008691385614947549,1,1
57,melan,1,22,0.038293659687042236,0.23030182719230652,0.9940577745437622,0.008766694716498455,1,1
57,melan,0,2,0.02096840925514698,0.43225425481796265,0.9940577745437622,0.009009825662812502,1,1
57,melan,1,48,0.03966779261827469,0.23030182719230652,0.9940577745437622,0.00908127953305696,1,1
57,melan,2,123,0.027349261566996574,0.3374439477920532,0.9940577745437622,0.009174002927792394,1,1
57,melan,1,99,0.04066651314496994,0.23030182719230652,0.9940577745437622,0.009309919940795282,1,1
57,melan,1,6,0.04114159196615219,0.23030182719230652,0.9940577745437622,0.009418681313451133,1,1
57,melan,0,12,0.022956691682338715,0.43225425481796265,0.9940577745437622,0.009864162194470665,1,1
57,melan,0,20,0.022972650825977325,0.43225425481796265,0.9940577745437622,0.00987101961031762,1,1
57,melan,1,189,0.044679123908281326,0.23030182719230652,0.9940577745437622,0.01022854025197933,1,1
57,melan,1,4,0.04497142136096954,0.23030182719230652,0.9940577745437622,0.010295456878780472,1,1
57,melan,0,17,0.02456037700176239,0.43225425481796265,0.9940577745437622,0.01055324284766673,1,1
57,melan,1,127,0.05465641990303993,0.23030182719230652,0.9940577745437622,0.01251267576676244,1,1
57,melan,0,14,0.02928590215742588,0.43225425481796265,0.9940577745437622,0.012583733444244153,1,1
57,melan,1,55,0.055423129349946976,0.23030182719230652,0.9940577745437622,0.012688201107307623,1,1
57,melan,1,56,0.05659497156739235,0.23030182719230652,0.9940577745437622,0.012956474838787103,1,1
57,melan,0,15,0.030660856515169144,0.43225425481796265,0.9940577745437622,0.013174531673468447,1,1
57,melan,2,160,0.05101778730750084,0.3374439477920532,0.9940577745437622,0.017113344321270495,1,1
57,melan,0,10,0.05646540969610214,0.43225425481796265,0.9940577745437622,0.024262379236817164,1,1
57,melan,2,148,0.07351116836071014,0.3374439477920532,0.9940577745437622,0.0246584966147828,1,1
57,melan,0,23,0.058271538466215134,0.43225425481796265,0.9940577745437622,0.025038446946355673,1,1
57,melan,0,21,0.06220341473817825,0.43225425481796265,0.9940577745437622,0.026727917964737346,1,1
57,melan,0,22,0.06254684180021286,0.43225425481796265,0.9940577745437622,0.026875483663173157,1,1
57,melan,0,9,0.06851810216903687,0.43225425481796265,0.9940577745437622,0.029441248870047867,1,1
57,melan,0,8,0.06864441186189651,0.43225425481796265,0.9940577745437622,0.029495522339167107,1,1
57,melan,0,18,0.07706908881664276,0.43225425481796265,0.9940577745437622,0.03311548557548871,1,1
57,melan,0,5,0.07739467173814774,0.43225425481796265,0.9940577745437622,0.03325538390186409,1,1
57,melan,0,7,0.07772839814424515,0.43225425481796265,0.9940577745437622,0.03339878136713803,1,1
57,melan,0,16,0.08306972682476044,0.43225425481796265,0.9940577745437622,0.03569387393394351,1,1
57,melan,0,6,0.08701623231172562,0.43225425481796265,0.9940577745437622,0.03738963091685155,1,1
57,melan,2,101,0.12612368166446686,0.3374439477920532,0.9940577745437622,0.042306773878313525,1,1
61,melan,0,19,0.009590424597263336,1.0,0.7661221027374268,0.007347436258600126,1,0
61,melan,0,17,0.009621746838092804,1.0,0.7661221027374268,0.007371432919606846,1,0
61,melan,0,90,0.009729990735650063,1.0,0.7661221027374268,0.007454360962011908,1,0
61,melan,0,144,0.009864815510809422,1.0,0.7661221027374268,0.007557653202258097,1,0
61,h&e,0,218,0.11199361830949783,1.0,0.06795729696750641,0.007610783577924107,1,0
61,melan,0,154,0.010035285726189613,1.0,0.7661221027374268,0.007688254202119271,1,0
61,melan,0,120,0.010259176604449749,1.0,0.7661221027374268,0.007859781952555656,1,0
61,melan,0,104,0.010426334105432034,1.0,0.7661221027374268,0.007987845008696537,1,0
61,melan,0,215,0.010641787201166153,1.0,0.7661221027374268,0.008152908387441649,1,0
61,melan,0,106,0.010745403356850147,1.0,0.7661221027374268,0.008232291014511839,1,0
61,melan,0,14,0.010799597948789597,1.0,0.7661221027374268,0.008273810689245487,1,0
61,melan,0,10,0.010942465625703335,1.0,0.7661221027374268,0.008383264774295851,1,0
61,melan,0,18,0.010962704196572304,1.0,0.7661221027374268,0.008398769990766386,1,0
61,melan,0,22,0.011232305318117142,1.0,0.7661221027374268,0.008605317368904686,1,0
61,melan,0,88,0.011410375125706196,1.0,0.7661221027374268,0.008741740584328861,1,0
61,melan,0,75,0.011686460115015507,1.0,0.7661221027374268,0.00895325539687275,1,0
61,melan,0,241,0.011836305260658264,1.0,0.7661221027374268,0.009068055074937575,1,0
61,melan,0,138,0.011872634291648865,1.0,0.7661221027374268,0.009095887548550508,1,0
61,melan,0,15,0.012047250755131245,1.0,0.7661221027374268,0.009229665080726202,1,0
61,melan,0,182,0.012061042711138725,1.0,0.7661221027374268,0.009240231403063515,1,0
61,melan,0,65,0.012061088345944881,1.0,0.7661221027374268,0.009240266364897165,1,0
61,melan,0,66,0.012082971632480621,1.0,0.7661221027374268,0.009257031634392732,1,0
61,melan,0,112,0.012320580892264843,1.0,0.7661221027374268,0.009439069340128503,1,0
61,melan,0,197,0.012321439571678638,1.0,0.7661221027374268,0.009439727193406577,1,0
61,melan,0,216,0.01259569264948368,1.0,0.7661221027374268,0.009649838538056787,1,0
61,melan,0,161,0.013120410032570362,1.0,0.7661221027374268,0.010051836122930036,1,0
61,melan,0,237,0.013651804067194462,1.0,0.7661221027374268,0.010458948838118376,1,0
61,melan,0,186,0.013733241707086563,1.0,0.7661221027374268,0.010521340014034486,1,0
61,melan,0,198,0.013838191516697407,1.0,0.7661221027374268,0.010601744382855438,1,0
61,melan,0,217,0.01392374373972416,1.0,0.7661221027374268,0.010667287831854555,1,0
61,melan,0,21,0.014418705366551876,1.0,0.7661221027374268,0.011046488874174143,1,0
61,melan,0,226,0.01445353589951992,1.0,0.7661221027374268,0.011073173315331086,1,0
61,melan,0,238,0.014970856718719006,1.0,0.7661221027374268,0.011469504229125738,1,0
61,melan,0,132,0.015024004504084587,1.0,0.7661221027374268,0.011510221922205854,1,0
61,melan,0,228,0.015125184319913387,1.0,0.7661221027374268,0.0115877380154632,1,0
61,melan,0,160,0.01516530942171812,1.0,0.7661221027374268,0.011618478742830396,1,0
61,melan,0,105,0.015703707933425903,1.0,0.7661221027374268,0.012030957742730664,1,0
61,melan,0,224,0.016206098720431328,1.0,0.7661221027374268,0.01241585042886717,1,0
61,melan,0,230,0.016328299418091774,1.0,0.7661221027374268,0.012509471084314772,1,0
61,melan,0,64,0.017040517181158066,1.0,0.7661221027374268,0.013055116854562065,1,0
68,melan,2,3,0.01216945517808199,0.7162089943885803,0.7896352410316467,0.0068823606787903726,1,1
68,h&e,0,109,0.04792174696922302,0.8092961311340332,0.17784686386585236,0.006897414365657898,1,1
68,melan,0,63,0.046932559460401535,0.191504567861557,0.7896352410316467,0.007097083238819821,1,1
68,melan,0,150,0.04886111989617348,0.191504567861557,0.7896352410316467,0.007388717748020548,1,1
68,melan,0,139,0.051818039268255234,0.191504567861557,0.7896352410316467,0.007835859415882263,1,1
68,melan,2,6,0.01453476119786501,0.7162089943885803,0.7896352410316467,0.00822004497982467,1,1
68,melan,2,0,0.01601007580757141,0.7162089943885803,0.7896352410316467,0.009054400101734788,1,1
68,melan,1,5,0.1278255581855774,0.09228645265102386,0.7896352410316467,0.00931498528150947,1,1
68,melan,0,3,0.0632827952504158,0.191504567861557,0.7896352410316467,0.00956954554878542,1,1
68,melan,1,11,0.13922476768493652,0.09228645265102386,0.7896352410316467,0.01014567571787131,1,1
68,melan,1,22,0.14467193186283112,0.09228645265102386,0.7896352410316467,0.0105426249263339,1,1
68,melan,1,20,0.1631787121295929,0.09228645265102386,0.7896352410316467,0.011891262774977122,1,1
68,melan,2,10,0.021893782541155815,0.7162089943885803,0.7896352410316467,0.012381894330209987,1,1
68,h&e,0,44,0.11178186535835266,0.8092961311340332,0.17784686386585236,0.016088850943558147,1,1
68,melan,2,2,0.035034485161304474,0.7162089943885803,0.7896352410316467,0.019813538038259925,1,1
68,melan,2,7,0.03880694508552551,0.7162089943885803,0.7896352410316467,0.02194702959271614,1,1
68,melan,2,8,0.04278889670968056,0.7162089943885803,0.7896352410316467,0.024198997892191765,1,1
68,melan,2,11,0.04628751054406166,0.7162089943885803,0.7896352410316467,0.026177617471430114,1,1
68,melan,2,14,0.050264641642570496,0.7162089943885803,0.7896352410316467,0.02842685955221533,1,1
68,melan,2,5,0.06395523995161057,0.7162089943885803,0.7896352410316467,0.03616949339181026,1,1
68,h&e,0,45,0.2623060345649719,0.8092961311340332,0.17784686386585236,0.037753911854865096,1,1
68,melan,2,9,0.07320573180913925,0.7162089943885803,0.7896352410316467,0.04140105228151235,1,1
68,melan,2,12,0.13482724130153656,0.7162089943885803,0.7896352410316467,0.076250718736755,1,1
68,melan,2,13,0.1483338624238968,0.7162089943885803,0.7896352410316467,0.08388930540769111,1,1
68,melan,2,4,0.2909655272960663,0.7162089943885803,0.7896352410316467,0.16455376799058719,1,1
75,melan,0,108,0.0039056462701410055,1.0,0.9725884199142456,0.0037985863346204074,1,1
75,melan,0,134,0.00397766986861825,1.0,0.9725884199142456,0.0038686356524599286,1,1
75,sox10,0,76,0.21498239040374756,1.0,0.01840953342616558,0.003957725502174769,1,1
75,melan,0,87,0.004390263464301825,1.0,0.9725884199142456,0.004269919405752554,1,1
75,melan,0,8,0.004481971263885498,1.0,0.9725884199142456,0.004359113349643451,1,1
75,sox10,0,0,0.26794421672821045,1.0,0.01840953342616558,0.004932728014205745,1,1
75,melan,0,156,0.005098790396004915,1.0,0.9725884199142456,0.004959024494724351,1,1
75,melan,0,121,0.005671853199601173,1.0,0.9725884199142456,0.0055163787413856635,1,1
75,melan,0,44,0.00571339251473546,1.0,0.9725884199142456,0.0055567793982564395,1,1
75,melan,0,123,0.005764232948422432,1.0,0.9725884199142456,0.005606226215323806,1,1
75,melan,0,125,0.0064974213019013405,1.0,0.9725884199142456,0.006319316717533385,1,1
75,melan,0,130,0.007144267670810223,1.0,0.9725884199142456,0.006948432005397742,1,1
75,melan,0,100,0.007773624267429113,1.0,0.9725884199142456,0.007560536943265916,1,1
75,melan,0,105,0.007904479280114174,1.0,0.9725884199142456,0.007687805013291138,1,1
75,melan,0,137,0.00799940899014473,1.0,0.9725884199142456,0.007780132549972674,1,1
75,melan,0,27,0.008313766680657864,1.0,0.9725884199142456,0.008085873199476734,1,1
75,melan,0,165,0.009387848898768425,1.0,0.9725884199142456,0.009130513126846873,1,1
75,melan,0,49,0.010434594005346298,1.0,0.9725884199142456,0.010148565296106415,1,1
75,melan,0,109,0.011988573707640171,1.0,0.9725884199142456,0.011659947959339223,1,1
75,melan,0,118,0.013369278982281685,1.0,0.9725884199142456,0.013002805920770077,1,1
75,melan,0,154,0.013703620992600918,1.0,0.9725884199142456,0.013327983088297413,1,1
75,melan,0,136,0.01721040904521942,1.0,0.9725884199142456,0.016738644539367797,1,1
75,melan,0,135,0.018010621890425682,1.0,0.9725884199142456,0.017516922286082037,1,1
75,melan,0,131,0.020469222217798233,1.0,0.9725884199142456,0.019908128493681954,1,1
75,melan,0,119,0.022393526509404182,1.0,0.9725884199142456,0.021779684564089186,1,1
75,melan,0,129,0.022994689643383026,1.0,0.9725884199142456,0.022364368866676365,1,1
75,melan,0,107,0.03043159283697605,1.0,0.9725884199142456,0.029597414792788213,1,1
75,melan,0,120,0.03063000552356243,1.0,0.9725884199142456,0.0297903886741262,1,1
75,melan,0,140,0.038593411445617676,1.0,0.9725884199142456,0.03753550505699366,1,1
75,melan,0,155,0.041697096079587936,1.0,0.9725884199142456,0.040554112791058916,1,1
75,melan,0,111,0.044393718242645264,1.0,0.9725884199142456,0.04317681627973258,1,1
75,melan,0,153,0.04845809191465378,1.0,0.9725884199142456,0.0471297790473324,1,1
75,melan,0,113,0.05193275958299637,1.0,0.9725884199142456,0.050509200584612834,1,1
75,melan,0,110,0.07606302946805954,1.0,0.9725884199142456,0.07397802164423073,1,1
75,melan,0,141,0.09052445739507675,1.0,0.9725884199142456,0.08804303898147214,1,1
75,melan,0,89,0.15320099890232086,1.0,0.9725884199142456,0.14900151745169232,1,1
85,melan,0,138,0.0051996768452227116,1.0,0.6751576066017151,0.0035106013739229225,0,0
85,melan,0,76,0.005530545953661203,1.0,0.6751576066017151,0.003733990169274698,0,0
85,melan,0,41,0.006157703697681427,1.0,0.6751576066017151,0.004157420490689123,0,0
85,melan,0,40,0.007072937209159136,1.0,0.6751576066017151,0.0047753473577800964,0,0
85,melan,0,38,0.00712251802906394,1.0,0.6751576066017151,0.004808822225480375,0,0
85,melan,0,117,0.007169812917709351,1.0,0.6751576066017151,0.004840753729302705,0,0
85,sox10,0,122,0.018797721713781357,1.0,0.2680267095565796,0.005038291498105085,0,0
85,sox10,0,100,0.02366846241056919,1.0,0.2680267095565796,0.00634378010016845,0,0
85,sox10,0,111,0.02488529682159424,1.0,0.2680267095565796,0.006669924223430712,0,0
85,h&e,2,59,0.5707622170448303,0.2783356010913849,0.05681566148996353,0.009025931700694606,0,0
85,sox10,0,104,0.038428522646427155,1.0,0.2680267095565796,0.010299870478042372,0,0
85,melan,0,123,0.016206104308366776,1.0,0.6751576066017151,0.010941674597174655,0,0
85,sox10,0,108,0.04161664843559265,1.0,0.2680267095565796,0.011154373342964874,0,0
85,melan,0,17,0.017283501103520393,1.0,0.6751576066017151,0.01166908723875093,0,0
85,sox10,0,107,0.05053934082388878,1.0,0.2680267095565796,0.013545893224185424,0,0
85,melan,0,118,0.02070646546781063,1.0,0.6751576066017151,0.013980127666428088,0,0
85,h&e,1,22,0.50189208984375,0.5505014061927795,0.05681566148996353,0.015697729858172273,0,0
85,sox10,0,110,0.07272534817457199,1.0,0.2680267095565796,0.019492335772587133,0,0
85,melan,0,120,0.034882016479969025,1.0,0.6751576066017151,0.02355085876005747,0,0
85,melan,0,164,0.0363435298204422,1.0,0.6751576066017151,0.024537610609027816,0,0
85,melan,0,33,0.0409899540245533,1.0,0.6751576066017151,0.027674679253931744,0,0
85,melan,0,137,0.044177401810884476,1.0,0.6751576066017151,0.029826708872519037,0,0
85,sox10,0,121,0.19069741666316986,1.0,0.2680267095565796,0.05111200110916947,0,0
85,sox10,0,124,0.31533971428871155,1.0,0.2680267095565796,0.08451946601331528,0,0
85,melan,0,5,0.1291600912809372,1.0,0.6751576066017151,0.0872034180976966,0,0
85,melan,0,163,0.1518932282924652,1.0,0.6751576066017151,0.10255186847294873,0,0
85,melan,0,115,0.15347398817539215,1.0,0.6751576066017151,0.10361913053211769,0,0
85,melan,0,114,0.18291237950325012,1.0,0.6751576066017151,0.12349468436323896,0,0
87,melan,1,214,0.010517100803554058,0.4814344048500061,0.9803157448768616,0.004963626991977429,1,1
87,melan,1,49,0.010732391849160194,0.4814344048500061,0.9803157448768616,0.005065235264548187,1,1
87,melan,0,151,0.010430644266307354,0.5185655355453491,0.9803157448768616,0.005302501032836904,1,1
87,melan,0,150,0.010443069972097874,0.5185655355453491,0.9803157448768616,0.005308817739274759,1,1
87,melan,1,98,0.011941362172365189,0.4814344048500061,0.9803157448768616,0.005635818150540123,1,1
87,melan,0,213,0.011279858648777008,0.5185655355453491,0.9803157448768616,0.0057342059232711965,1,1
87,melan,0,167,0.011464090086519718,0.5185655355453491,0.9803157448768616,0.005827861440990964,1,1
87,melan,1,55,0.012561225332319736,0.4814344048500061,0.9803157448768616,0.005928367358687209,1,1
87,melan,0,180,0.011703838594257832,0.5185655355453491,0.9803157448768616,0.005949739503116892,1,1
87,melan,0,231,0.011715667322278023,0.5185655355453491,0.9803157448768616,0.005955752731153707,1,1
87,melan,1,99,0.012639432214200497,0.4814344048500061,0.9803157448768616,0.005965277700911042,1,1
87,melan,0,134,0.011937730014324188,0.5185655355453491,0.9803157448768616,0.006068640068106882,1,1
87,melan,1,83,0.012983097694814205,0.4814344048500061,0.9803157448768616,0.006127473280058543,1,1
87,melan,0,215,0.012152380309998989,0.5185655355453491,0.9803157448768616,0.00617775925436759,1,1
87,melan,1,117,0.013198086060583591,0.4814344048500061,0.9803157448768616,0.00622893870054148,1,1
87,melan,1,126,0.014078917913138866,0.4814344048500061,0.9803157448768616,0.006644654099718729,1,1
87,melan,0,175,0.013283920474350452,0.5185655355453491,0.9803157448768616,0.0067529867031217395,1,1
87,melan,1,47,0.014750358648598194,0.4814344048500061,0.9803157448768616,0.00696154574317553,1,1
87,melan,0,153,0.013810691423714161,0.5185655355453491,0.9803157448768616,0.007020774907930146,1,1
87,melan,0,176,0.01394094992429018,0.5185655355453491,0.9803157448768616,0.007086992853457363,1,1
87,melan,0,181,0.014075381681323051,0.5185655355453491,0.9803157448768616,0.007155332307120395,1,1
87,melan,0,152,0.014202183112502098,0.5185655355453491,0.9803157448768616,0.007219792823903997,1,1
87,melan,0,233,0.014210508204996586,0.5185655355453491,0.9803157448768616,0.007224024950935026,1,1
87,melan,1,184,0.015669461339712143,0.4814344048500061,0.9803157448768616,0.007395323360336966,1,1
87,melan,1,48,0.016004715114831924,0.4814344048500061,0.9803157448768616,0.007553548970077678,1,1
87,melan,1,133,0.017114989459514618,0.4814344048500061,0.9803157448768616,0.008077551526362461,1,1
87,melan,1,77,0.017156952992081642,0.4814344048500061,0.9803157448768616,0.008097356539818072,1,1
87,melan,0,137,0.01732851006090641,0.5185655355453491,0.9803157448768616,0.008809086011329362,1,1
87,melan,0,138,0.017482498660683632,0.5185655355453491,0.9803157448768616,0.008887367341659198,1,1
87,melan,1,58,0.019282126799225807,0.4814344048500061,0.9803157448768616,0.009100348739742553,1,1
87,melan,1,51,0.019309010356664658,0.4814344048500061,0.9803157448768616,0.00911303664241044,1,1
87,melan,1,115,0.019584178924560547,0.4814344048500061,0.9803157448768616,0.00924290457431143,1,1
87,melan,1,44,0.019664771854877472,0.4814344048500061,0.9803157448768616,0.009280941030532185,1,1
87,melan,1,140,0.02070211060345173,0.4814344048500061,0.9803157448768616,0.009770521068645661,1,1
87,melan,1,65,0.020804161205887794,0.4814344048500061,0.9803157448768616,0.009818684639030765,1,1
87,melan,1,111,0.021014222875237465,0.4814344048500061,0.9803157448768616,0.00991782486706885,1,1
87,melan,0,141,0.0205511637032032,0.5185655355453491,0.9803157448768616,0.010447347640282783,1,1
87,melan,1,167,0.022586440667510033,0.4814344048500061,0.9803157448768616,0.010659845202973027,1,1
87,melan,1,59,0.022640425711870193,0.4814344048500061,0.9803157448768616,0.010685323861812033,1,1
87,melan,0,177,0.021029533818364143,0.5185655355453491,0.9803157448768616,0.010690530895790085,1,1
87,melan,0,274,0.021489199250936508,0.5185655355453491,0.9803157448768616,0.010924205477028322,1,1
87,melan,1,41,0.024193551391363144,0.4814344048500061,0.9803157448768616,0.0114183335275613,1,1
87,melan,0,211,0.02258148044347763,0.5185655355453491,0.9803157448768616,0.011479475314990885,1,1
87,melan,0,194,0.02270900458097458,0.5185655355453491,0.9803157448768616,0.01154430322528339,1,1
87,melan,0,218,0.023298230022192,0.5185655355453491,0.9803157448768616,0.011843840668116272,1,1
87,melan,1,3,0.025753283873200417,0.4814344048500061,0.9803157448768616,0.01215446132472905,1,1
87,melan,0,162,0.024148037657141685,0.5185655355453491,0.9803157448768616,0.01227584714317063,1,1
87,melan,0,178,0.02437349408864975,0.5185655355453491,0.9803157448768616,0.012390459714590867,1,1
87,melan,0,144,0.025483932346105576,0.5185655355453491,0.9803157448768616,0.012954959841019359,1,1
87,melan,1,19,0.029011039063334465,0.4814344048500061,0.9803157448768616,0.013691984060038336,1,1
87,melan,0,161,0.027151385322213173,0.5185655355453491,0.9803157448768616,0.013802622833091431,1,1
87,melan,0,195,0.027780046686530113,0.5185655355453491,0.9803157448768616,0.014122207841312151,1,1
87,melan,0,169,0.029752442613244057,0.5185655355453491,0.9803157448768616,0.0151248910094408,1,1
87,melan,0,193,0.030142247676849365,0.5185655355453491,0.9803157448768616,0.015323051516078798,1,1
87,melan,0,196,0.030249305069446564,0.5185655355453491,0.9803157448768616,0.015377474993701666,1,1
87,melan,0,197,0.030304376035928726,0.5185655355453491,0.9803157448768616,0.015405470757836222,1,1
87,melan,1,218,0.032860834151506424,0.4814344048500061,0.9803157448768616,0.015508924600037244,1,1
87,melan,0,159,0.033740315586328506,0.5185655355453491,0.9803157448768616,0.017152157975768724,1,1
87,melan,1,132,0.03665781021118164,0.4814344048500061,0.9803157448768616,0.017300936791393922,1,1
87,melan,1,45,0.03739602118730545,0.4814344048500061,0.9803157448768616,0.017649341165879323,1,1
87,melan,1,107,0.03841151297092438,0.4814344048500061,0.9803157448768616,0.01812861036006627,1,1
87,melan,1,56,0.04229001700878143,0.4814344048500061,0.9803157448768616,0.019959100310708848,1,1
87,melan,0,139,0.03952334076166153,0.5185655355453491,0.9803157448768616,0.020092004852166993,1,1
87,melan,1,20,0.04279720038175583,0.4814344048500061,0.9803157448768616,0.020198469422691413,1,1
87,melan,0,163,0.042798902839422226,0.5185655355453491,0.9803157448768616,0.02175716290539972,1,1
87,melan,0,160,0.04369818791747093,0.5185655355453491,0.9803157448768616,0.02221432163245659,1,1
87,melan,1,108,0.04730703681707382,0.4814344048500061,0.9803157448768616,0.022326921576747313,1,1
93,melan,0,69,0.02282460406422615,1.0,0.3058500587940216,0.006980906494993833,0,0
93,h&e,1,50,0.02950264886021614,0.9258812069892883,0.2590165138244629,0.0070752816580167775,0,0
93,melan,0,8,0.023192089051008224,1.0,0.3058500587940216,0.00709330179980705,0,0
93,melan,0,146,0.023229554295539856,1.0,0.3058500587940216,0.007104760547049782,0,0
93,melan,0,159,0.026013992726802826,1.0,0.3058500587940216,0.007956381204959895,0,0
93,melan,0,25,0.028441008180379868,1.0,0.3058500587940216,0.008698684024130432,0,0
93,melan,0,157,0.030035195872187614,1.0,0.3058500587940216,0.009186266423398537,0,0
93,h&e,1,89,0.04018143191933632,0.9258812069892883,0.2590165138244629,0.00963625163281855,0,0
93,sox10,0,127,0.022208303213119507,1.0,0.4351334571838379,0.009663575755311626,0,0
93,sox10,0,95,0.023010078817605972,1.0,0.4351334571838379,0.010012455145977484,0,0
93,melan,0,147,0.03503933921456337,1.0,0.3058500587940216,0.010716783958877873,0,0
93,melan,0,148,0.037023838609457016,1.0,0.3058500587940216,0.011323743215482795,0,0
93,sox10,0,128,0.026407629251480103,1.0,0.4351334571838379,0.011490843012225582,0,0
93,h&e,1,35,0.051899656653404236,0.9258812069892883,0.2590165138244629,0.012446498974279192,0,0
93,sox10,0,125,0.03276735544204712,1.0,0.4351334571838379,0.014258172656269608,0,0
93,h&e,1,84,0.06411910057067871,0.9258812069892883,0.2590165138244629,0.015376947959680004,0,0
93,sox10,0,25,0.039346903562545776,1.0,0.4351334571838379,0.01712115417664961,0,0
93,h&e,1,29,0.07209702581167221,0.9258812069892883,0.2590165138244629,0.017290202203191236,0,0
93,melan,0,18,0.05984976887702942,1.0,0.3058500587940216,0.018305055329848052,0,0
93,sox10,0,97,0.04902749881148338,1.0,0.4351334571838379,0.021333505054917268,0,0
93,sox10,0,106,0.053273800760507584,1.0,0.4351334571838379,0.023181213102242637,0,0
93,sox10,0,94,0.06123020499944687,1.0,0.4351334571838379,0.02664331078548443,0,0
93,melan,0,66,0.09028858691453934,1.0,0.3058500587940216,0.027614769616240986,0,0
93,melan,0,34,0.09111067652702332,1.0,0.3058500587940216,0.027866205772553165,0,0
93,h&e,1,95,0.14290153980255127,0.9258812069892883,0.2590165138244629,0.034270436131270766,0,0
93,sox10,0,8,0.08134707808494568,1.0,0.4351334571838379,0.03539683531890603,0,0
93,sox10,0,126,0.09143391996622086,1.0,0.4351334571838379,0.03978595769877202,0,0
93,sox10,0,131,0.11218699812889099,1.0,0.4351334571838379,0.04881631634690109,0,0
93,sox10,0,9,0.1204751506447792,1.0,0.4351334571838379,0.05242276880480645,0,0
93,sox10,0,124,0.12158562988042831,1.0,0.4351334571838379,0.052905975473745315,0,0
93,melan,0,53,0.19554457068443298,1.0,0.3058500587940216,0.05980731844068554,0,0
100,melan,0,53,0.011715360917150974,1.0,0.9971901774406433,0.011682442831754958,1,1
100,melan,0,151,0.011953411623835564,1.0,0.9971901774406433,0.011919824658193634,1,1
100,melan,0,85,0.012099741958081722,1.0,0.9971901774406433,0.01206574383016551,1,1
100,melan,0,101,0.012141617946326733,1.0,0.9971901774406433,0.012107502154314054,1,1
100,melan,0,63,0.012185556814074516,1.0,0.9971901774406433,0.012151317561640007,1,1
100,melan,0,159,0.012438939884305,1.0,0.9971901774406433,0.012403988670403598,1,1
100,melan,0,47,0.01251846831291914,1.0,0.9971901774406433,0.012483293638244908,1,1
100,melan,0,32,0.013000279664993286,1.0,0.9971901774406433,0.012963751185912642,1,1
100,melan,0,107,0.013037868775427341,1.0,0.9971901774406433,0.013001234677616214,1,1
100,melan,0,6,0.013182591646909714,1.0,0.9971901774406433,0.01314555090350944,1,1
100,melan,0,110,0.013539784587919712,1.0,0.9971901774406433,0.013501740195735745,1,1
100,melan,0,149,0.013783536851406097,1.0,0.9971901774406433,0.013744807558613292,1,1
100,melan,0,73,0.013937218114733696,1.0,0.9971901774406433,0.013898057004860243,1,1
100,melan,0,118,0.01396664697676897,1.0,0.9971901774406433,0.013927403177015074,1,1
100,melan,0,26,0.014021835289895535,1.0,0.9971901774406433,0.013982436420774402,1,1
100,melan,0,40,0.014111208729445934,1.0,0.9971901774406433,0.014071558736818146,1,1
100,melan,0,5,0.014243998564779758,1.0,0.9971901774406433,0.014203975456276996,1,1
100,melan,0,132,0.014467091299593449,1.0,0.9971901774406433,0.014426441340091578,1,1
100,melan,0,51,0.014596140943467617,1.0,0.9971901774406433,0.014555128377365112,1,1
100,melan,0,86,0.014617112465202808,1.0,0.9971901774406433,0.014576040972845428,1,1
100,melan,0,41,0.0147220678627491,1.0,0.9971901774406433,0.014680701464347967,1,1
100,melan,0,116,0.015027586370706558,1.0,0.9971901774406433,0.014985361519509466,1,1
100,melan,0,136,0.016348060220479965,1.0,0.9971901774406433,0.01630212507207074,1,1
100,melan,0,64,0.016915174201130867,1.0,0.9971901774406433,0.01686764556306508,1,1
100,melan,0,76,0.017400581389665604,1.0,0.9971901774406433,0.017351688843531,1,1
100,melan,0,150,0.01754000224173069,1.0,0.9971901774406433,0.017490717947740708,1,1
100,melan,0,106,0.017591211944818497,1.0,0.9971901774406433,0.01754178376064952,1,1
100,melan,0,10,0.018512513488531113,1.0,0.9971901774406433,0.018460496610500643,1,1
100,melan,0,165,0.019549913704395294,1.0,0.9971901774406433,0.019494981915835208,1,1
100,melan,0,50,0.02086586132645607,1.0,0.9971901774406433,0.020807231958580585,1,1
100,melan,0,164,0.02311895228922367,1.0,0.9971901774406433,0.02305399213553272,1,1
104,melan,5,111,0.05135960504412651,0.010959847830235958,0.9538834095001221,0.00053693472890363,1,1
104,melan,5,65,0.05170109122991562,0.010959847830235958,0.9538834095001221,0.0005405047678950412,1,1
104,melan,2,2,0.003204633481800556,0.17686210572719574,0.9538834095001221,0.0005406403463374144,1,1
104,melan,5,20,0.05190812051296234,0.010959847830235958,0.9538834095001221,0.0005426691383545162,1,1
104,melan,0,132,0.003292076289653778,0.1738574504852295,0.9538834095001221,0.000545957068153383,1,1
104,melan,2,10,0.0032554033678025007,0.17686210572719574,0.9538834095001221,0.0005492055220142848,1,1
104,melan,0,124,0.0033255054149776697,0.1738574504852295,0.9538834095001221,0.0005515009455264931,1,1
104,melan,2,11,0.0032911046873778105,0.17686210572719574,0.9538834095001221,0.0005552285427090113,1,1
104,melan,2,23,0.0033123574685305357,0.17686210572719574,0.9538834095001221,0.0005588140107596623,1,1
104,melan,5,67,0.05347377061843872,0.010959847830235958,0.9538834095001221,0.0005590370974581665,1,1
104,melan,0,52,0.0033726405818015337,0.1738574504852295,0.9538834095001221,0.0005593178292259847,1,1
104,h&e,6,244,0.02055254578590393,0.643334150314331,0.0426379032433033,0.0005637649476487984,1,1
104,melan,2,29,0.0033578441943973303,0.17686210572719574,0.9538834095001221,0.0005664878865292437,1,1
104,melan,8,79,0.008838946931064129,0.06730756163597107,0.9538834095001221,0.0005674919160042584,1,1
104,melan,0,85,0.0034562344662845135,0.1738574504852295,0.9538834095001221,0.0005731810170966035,1,1
104,melan,2,12,0.0034738576505333185,0.17686210572719574,0.9538834095001221,0.0005860600327548147,1,1
104,melan,0,16,0.0035484423860907555,0.1738574504852295,0.9538834095001221,0.0005884727543252182,1,1
104,melan,0,36,0.0035544896963983774,0.1738574504852295,0.9538834095001221,0.0005894756386800367,1,1
104,melan,0,94,0.003685168456286192,0.1738574504852295,0.9538834095001221,0.0006111473699344101,1,1
104,melan,1,0,0.09569864720106125,0.0067289890721440315,0.9538834095001221,0.0006142581352251209,1,1
104,melan,0,18,0.0037187898997217417,0.1738574504852295,0.9538834095001221,0.0006167231412927002,1,1
104,melan,0,50,0.003730036783963442,0.1738574504852295,0.9538834095001221,0.0006185883216245645,1,1
104,melan,2,30,0.0037092275451868773,0.17686210572719574,0.9538834095001221,0.0006257683058180432,1,1
104,melan,5,70,0.0600813664495945,0.010959847830235958,0.9538834095001221,0.0006281156597496442,1,1
104,h&e,6,106,0.02299560233950615,0.643334150314331,0.0426379032433033,0.0006307790131758653,1,1
104,melan,0,129,0.003956994973123074,0.1738574504852295,0.9538834095001221,0.0006562270081691053,1,1
104,melan,8,105,0.010310127399861813,0.06730756163597107,0.9538834095001221,0.0006619469488874039,1,1
104,melan,0,41,0.003998507279902697,0.1738574504852295,0.9538834095001221,0.0006631113982340969,1,1
104,melan,1,17,0.1040782779455185,0.0067289890721440315,0.9538834095001221,0.0006680442283989471,1,1
104,melan,1,18,0.10422944277524948,0.0067289890721440315,0.9538834095001221,0.0006690145057136002,1,1
104,melan,0,15,0.004103229381144047,0.1738574504852295,0.9538834095001221,0.0006804784840286373,1,1
104,melan,5,61,0.06693191826343536,0.010959847830235958,0.9538834095001221,0.0006997341852006215,1,1
104,melan,0,107,0.00426136888563633,0.1738574504852295,0.9538834095001221,0.0007067042979635007,1,1
104,h&e,6,245,0.025844169780611992,0.643334150314331,0.0426379032433033,0.0007089164123593055,1,1
104,melan,8,94,0.011043286882340908,0.06730756163597107,0.9538834095001221,0.0007090184023867478,1,1
104,melan,4,75,0.008936826139688492,0.08332793414592743,0.9538834095001221,0.0007103448226197525,1,1
104,melan,0,125,0.0042918468825519085,0.1738574504852295,0.9538834095001221,0.0007117587609756465,1,1
104,melan,0,37,0.004323143046349287,0.1738574504852295,0.9538834095001221,0.0007169489085688123,1,1
104,melan,4,61,0.009075148031115532,0.08332793414592743,0.9538834095001221,0.0007213393566852429,1,1
104,melan,5,62,0.06900817900896072,0.010959847830235958,0.9538834095001221,0.0007214402808681036,1,1
104,melan,1,3,0.11351620405912399,0.0067289890721440315,0.9538834095001221,0.000728623171409037,1,1
104,h&e,6,247,0.026579836383461952,0.643334150314331,0.0426379032433033,0.0007290960557068041,1,1
104,melan,3,62,0.014792368747293949,0.05172208696603775,0.9538834095001221,0.0007298087398932564,1,1
104,melan,0,135,0.004482852295041084,0.1738574504852295,0.9538834095001221,0.0007434350484698786,1,1
104,melan,3,77,0.015095002017915249,0.05172208696603775,0.9538834095001221,0.0007447397093448063,1,1
104,melan,2,0,0.004469079896807671,0.17686210572719574,0.9538834095001221,0.0007539598262769595,1,1
104,melan,0,118,0.004626150708645582,0.1738574504852295,0.9538834095001221,0.000767199619785682,1,1
104,melan,2,21,0.004567919764667749,0.17686210572719574,0.9538834095001221,0.0007706346880654574,1,1
104,melan,0,91,0.004691984970122576,0.1738574504852295,0.9538834095001221,0.0007781175564364765,1,1
104,melan,0,26,0.004725617356598377,0.1738574504852295,0.9538834095001221,0.0007836951425856909,1,1
104,melan,0,133,0.004731224849820137,0.1738574504852295,0.9538834095001221,0.0007846250877903823,1,1
104,melan,3,63,0.01595182716846466,0.05172208696603775,0.9538834095001221,0.0007870127552723362,1,1
104,melan,0,53,0.004765099845826626,0.1738574504852295,0.9538834095001221,0.0007902429082405139,1,1
104,melan,0,65,0.004954636562615633,0.1738574504852295,0.9538834095001221,0.0008216756276251631,1,1
104,melan,7,29,0.02550523541867733,0.03491499647498131,0.9538834095001221,0.0008494476797059306,1,1
104,melan,0,28,0.00519921537488699,0.1738574504852295,0.9538834095001221,0.0008622365136835325,1,1
104,melan,4,54,0.010853471234440804,0.08332793414592743,0.9538834095001221,0.0008626896146718788,1,1
104,melan,0,134,0.00520450621843338,0.1738574504852295,0.9538834095001221,0.0008631139457891383,1,1
104,melan,4,47,0.010878085158765316,0.08332793414592743,0.9538834095001221,0.0008646460557433486,1,1
104,h&e,23,19,0.12679170072078705,0.1600273847579956,0.0426379032433033,0.0008651292084057206,1,1
104,melan,0,120,0.005392619874328375,0.1738574504852295,0.9538834095001221,0.0008943106651284847,1,1
104,melan,4,16,0.011746206320822239,0.08332793414592743,0.9538834095001221,0.0009336487825766664,1,1
104,melan,0,106,0.005966247525066137,0.1738574504852295,0.9538834095001221,0.0009894409242275038,1,1
104,melan,1,15,0.16395384073257446,0.0067289890721440315,0.9538834095001221,0.0010523657691816446,1,1
104,melan,2,16,0.00625803554430604,0.17686210572719574,0.9538834095001221,0.0010557670707991539,1,1
104,melan,4,3,0.013359399512410164,0.08332793414592743,0.9538834095001221,0.0010618736594645432,1,1
104,melan,4,2,0.013359399512410164,0.08332793414592743,0.9538834095001221,0.0010618736594645432,1,1
104,melan,4,24,0.013482702895998955,0.08332793414592743,0.9538834095001221,0.0010716744454230857,1,1
104,melan,3,60,0.02283576875925064,0.05172208696603775,0.9538834095001221,0.0011266446846608838,1,1
104,melan,0,29,0.0070493933744728565,0.1738574504852295,0.9538834095001221,0.0011690695477144734,1,1
104,melan,8,92,0.01840199902653694,0.06730756163597107,0.9538834095001221,0.0011814739659966153,1,1
104,melan,8,6,0.018872592598199844,0.06730756163597107,0.9538834095001221,0.001211687751612151,1,1
104,melan,2,4,0.007208151277154684,0.17686210572719574,0.9538834095001221,0.0012160571326065672,1,1
104,melan,4,74,0.015649601817131042,0.08332793414592743,0.9538834095001221,0.0012439106963814332,1,1
104,melan,4,73,0.016169780865311623,0.08332793414592743,0.9538834095001221,0.0012852571976935002,1,1
104,melan,0,117,0.0078001469373703,0.1738574504852295,0.9538834095001221,0.0012935743216145644,1,1
104,melan,3,75,0.026520391926169395,0.05172208696603775,0.9538834095001221,0.0013084323507452898,1,1
104,melan,0,38,0.007892145775258541,0.1738574504852295,0.9538834095001221,0.0013088313847527534,1,1
104,melan,4,38,0.016498833894729614,0.08332793414592743,0.9538834095001221,0.0013114120218067691,1,1
104,melan,3,74,0.026840919628739357,0.05172208696603775,0.9538834095001221,0.001324246174934621,1,1
104,melan,6,30,0.003541448852047324,0.3943190574645996,0.9538834095001221,0.0013320607637624328,1,1
104,melan,8,96,0.021044906228780746,0.06730756163597107,0.9538834095001221,0.0013511580339879846,1,1
104,melan,0,102,0.008217399939894676,0.1738574504852295,0.9538834095001221,0.0013627714500809773,1,1
104,melan,7,37,0.04093115031719208,0.03491499647498131,0.9538834095001221,0.001363205243703512,1,1
104,melan,6,1,0.0036387660074979067,0.3943190574645996,0.9538834095001221,0.0013686650943153785,1,1
104,melan,8,95,0.022718822583556175,0.06730756163597107,0.9538834095001221,0.001458629433783798,1,1
104,melan,0,97,0.00902952067553997,0.1738574504852295,0.9538834095001221,0.001497453339809026,1,1
104,melan,3,49,0.03050752729177475,0.05172208696603775,0.9538834095001221,0.0015051450129744948,1,1
104,melan,1,16,0.2496863305568695,0.0067289890721440315,0.9538834095001221,0.0016026544186861294,1,1
104,melan,0,71,0.009729919955134392,0.1738574504852295,0.9538834095001221,0.0016136073725773028,1,1
104,melan,8,109,0.025151172652840614,0.06730756163597107,0.9538834095001221,0.0016147949829127526,1,1
104,melan,2,32,0.00984889641404152,0.17686210572719574,0.9538834095001221,0.0016615662285775603,1,1
104,melan,2,31,0.009848899208009243,0.17686210572719574,0.9538834095001221,0.0016615666999361997,1,1
104,melan,0,116,0.01005508191883564,0.1738574504852295,0.9538834095001221,0.0016675321473266754,1,1
104,melan,0,9,0.010882000438869,0.1738574504852295,0.9538834095001221,0.0018046680977352324,1,1
104,melan,0,7,0.010962583124637604,0.1738574504852295,0.9538834095001221,0.00181803190920109,1,1
104,melan,2,5,0.010989545844495296,0.17686210572719574,0.9538834095001221,0.001854000435681836,1,1
104,melan,7,31,0.056322142481803894,0.03491499647498131,0.9538834095001221,0.001875799711779967,1,1
104,melan,7,35,0.05812409147620201,0.03491499647498131,0.9538834095001221,0.0019358133273029597,1,1
104,h&e,6,243,0.0720820426940918,0.643334150314331,0.0426379032433033,0.001977240651799177,1,1
104,melan,8,76,0.03133745491504669,0.06730756163597107,0.9538834095001221,0.0020119763667701884,1,1
104,melan,0,103,0.012303913943469524,0.1738574504852295,0.9538834095001221,0.0020404778602790548,1,1
104,melan,7,36,0.062031324952840805,0.03491499647498131,0.9538834095001221,0.0020659430969881937,1,1
104,melan,6,23,0.005583586171269417,0.3943190574645996,0.9538834095001221,0.002100178873269552,1,1
104,melan,8,8,0.033041276037693024,0.06730756163597107,0.9538834095001221,0.002121367759315034,1,1
104,melan,6,34,0.005841744598001242,0.3943190574645996,0.9538834095001221,0.0021972811400113976,1,1
104,melan,7,39,0.06838104128837585,0.03491499647498131,0.9538834095001221,0.0022774193574292673,1,1
104,melan,4,13,0.029697228223085403,0.08332793414592743,0.9538834095001221,0.0023604881626533712,1,1
104,melan,4,40,0.031489841639995575,0.08332793414592743,0.9538834095001221,0.002502974280180687,1,1
104,melan,3,70,0.05075748637318611,0.05172208696603775,0.9538834095001221,0.0025042140175785318,1,1
104,h&e,23,33,0.36785510182380676,0.1600273847579956,0.0426379032433033,0.0025099607564192964,1,1
104,melan,8,7,0.040225282311439514,0.06730756163597107,0.9538834095001221,0.0025826065829747877,1,1
104,melan,3,83,0.05254184827208519,0.05172208696603775,0.9538834095001221,0.0025922487962671916,1,1
104,melan,4,51,0.03265164792537689,0.08332793414592743,0.9538834095001221,0.0025953206083746106,1,1
104,melan,3,73,0.05387839302420616,0.05172208696603775,0.9538834095001221,0.0026581896917397163,1,1
104,melan,8,18,0.04212360456585884,0.06730756163597107,0.9538834095001221,0.002704485641844106,1,1
104,melan,2,20,0.016156069934368134,0.17686210572719574,0.9538834095001221,0.0027256231623282666,1,1
104,melan,4,28,0.03432898223400116,0.08332793414592743,0.9538834095001221,0.0027286437505405227,1,1
104,melan,0,34,0.016653431579470634,0.1738574504852295,0.9538834095001221,0.0027618007238759783,1,1
104,melan,3,64,0.058015864342451096,0.05172208696603775,0.9538834095001221,0.002862319454910014,1,1
104,melan,4,25,0.0360497422516346,0.08332793414592743,0.9538834095001221,0.0028654185910030223,1,1
104,melan,2,13,0.017260203137993813,0.17686210572719574,0.9538834095001221,0.002911896869134647,1,1
104,melan,7,41,0.087481290102005,0.03491499647498131,0.9538834095001221,0.002913550009438933,1,1
104,melan,3,79,0.062235355377197266,0.05172208696603775,0.9538834095001221,0.003070495811764445,1,1
104,melan,0,33,0.018661968410015106,0.1738574504852295,0.9538834095001221,0.003094895944885414,1,1
104,melan,0,95,0.01918662339448929,0.1738574504852295,0.9538834095001221,0.003181904589859953,1,1
104,melan,0,30,0.019581861793994904,0.1738574504852295,0.9538834095001221,0.003247450822337577,1,1
104,melan,7,32,0.0987141951918602,0.03491499647498131,0.9538834095001221,0.003287660069914872,1,1
104,melan,4,79,0.041868582367897034,0.08332793414592743,0.9538834095001221,0.003327929876959763,1,1
104,melan,7,30,0.10018355399370193,0.03491499647498131,0.9538834095001221,0.003336596823659397,1,1
104,melan,4,30,0.04331900179386139,0.08332793414592743,0.9538834095001221,0.003443216659286806,1,1
104,melan,6,12,0.010220346041023731,0.3943190574645996,0.9538834095001221,0.0038442237971196606,1,1
104,melan,8,107,0.061386264860630035,0.06730756163597107,0.9538834095001221,0.003941217130705168,1,1
104,melan,3,50,0.0833752229809761,0.05172208696603775,0.9538834095001221,0.004113470091339949,1,1
104,melan,0,119,0.025205543264746666,0.1738574504852295,0.9538834095001221,0.004180080681994637,1,1
104,melan,0,66,0.025530310347676277,0.1738574504852295,0.9538834095001221,0.0042339399698204435,1,1
104,melan,6,29,0.011332117952406406,0.3943190574645996,0.9538834095001221,0.004262399465688157,1,1
104,melan,4,11,0.054425787180662155,0.08332793414592743,0.9538834095001221,0.00432604098328531,1,1
104,melan,4,62,0.05475468188524246,0.08332793414592743,0.9538834095001221,0.00435218322292765,1,1
104,melan,4,39,0.05553934723138809,0.08332793414592743,0.9538834095001221,0.004414552453056045,1,1
104,melan,2,19,0.0277639739215374,0.17686210572719574,0.9538834095001221,0.004683944220731669,1,1
104,melan,7,34,0.14346927404403687,0.03491499647498131,0.9538834095001221,0.004778220625893812,1,1
104,melan,4,32,0.06190423667430878,0.08332793414592743,0.9538834095001221,0.0049204665428744495,1,1
104,melan,8,106,0.07742069661617279,0.06730756163597107,0.9538834095001221,0.00497068483426304,1,1
104,melan,3,81,0.10174765437841415,0.05172208696603775,0.9538834095001221,0.005019907811762004,1,1
104,melan,6,2,0.013720442540943623,0.3943190574645996,0.9538834095001221,0.005160730518438025,1,1
104,melan,8,81,0.08052992075681686,0.06730756163597107,0.9538834095001221,0.005170308112762391,1,1
104,melan,7,33,0.1581132411956787,0.03491499647498131,0.9538834095001221,0.005265935548514868,1,1
104,melan,2,14,0.03183746710419655,0.17686210572719574,0.9538834095001221,0.0053711662626852955,1,1
104,melan,4,63,0.06972090154886246,0.08332793414592743,0.9538834095001221,0.005541775197312078,1,1
104,melan,6,0,0.014736466109752655,0.3943190574645996,0.9538834095001221,0.005542891940954683,1,1
104,melan,0,96,0.033612873405218124,0.1738574504852295,0.9538834095001221,0.005574350106708393,1,1
104,melan,3,68,0.11699186265468597,0.05172208696603775,0.9538834095001221,0.005772008886501065,1,1
104,melan,8,108,0.09063805639743805,0.06730756163597107,0.9538834095001221,0.005819286470327488,1,1
104,melan,8,93,0.09457584470510483,0.06730756163597107,0.9538834095001221,0.006072106523323094,1,1
104,melan,8,80,0.09707178175449371,0.06730756163597107,0.9538834095001221,0.00623235458334999,1,1
104,melan,4,52,0.07978437840938568,0.08332793414592743,0.9538834095001221,0.006341672003369394,1,1
104,melan,6,7,0.017004169523715973,0.3943190574645996,0.9538834095001221,0.0063958532197387515,1,1
104,melan,4,31,0.08214017003774643,0.08332793414592743,0.9538834095001221,0.006528922416460158,1,1
104,melan,3,71,0.13870075345039368,0.05172208696603775,0.9538834095001221,0.0068430569726295335,1,1
104,melan,4,53,0.08854929357767105,0.08332793414592743,0.9538834095001221,0.007038352459403181,1,1
104,melan,6,37,0.020042549818754196,0.3943190574645996,0.9538834095001221,0.007538692590147724,1,1
104,melan,8,89,0.11882279813289642,0.06730756163597107,0.9538834095001221,0.0076288474071997325,1,1
104,melan,2,17,0.04731609299778938,0.17686210572719574,0.9538834095001221,0.007982500666904728,1,1
104,melan,6,35,0.02193010412156582,0.3943190574645996,0.9538834095001221,0.008248666708450397,1,1
104,melan,6,16,0.027330663055181503,0.3943190574645996,0.9538834095001221,0.010280002740226583,1,1
104,melan,0,32,0.06347528845071793,0.1738574504852295,0.9538834095001221,0.01052672518302692,1,1
104,melan,2,15,0.07103526592254639,0.17686210572719574,0.9538834095001221,0.011984063384670696,1,1
104,melan,6,28,0.0341743528842926,0.3943190574645996,0.9538834095001221,0.012854149955553104,1,1
104,melan,0,89,0.07887104898691177,0.1738574504852295,0.9538834095001221,0.013079954071053671,1,1
104,melan,6,39,0.03527365252375603,0.3943190574645996,0.9538834095001221,0.013267634373519745,1,1
104,melan,0,31,0.0860484167933464,0.1738574504852295,0.9538834095001221,0.014270246864988782,1,1
104,melan,2,22,0.09464596211910248,0.17686210572719574,0.9538834095001221,0.015967325446140972,1,1
104,melan,2,26,0.10263008624315262,0.17686210572719574,0.9538834095001221,0.01731429372071635,1,1
104,melan,6,17,0.04866376519203186,0.3943190574645996,0.9538834095001221,0.018304116461198977,1,1
104,melan,2,18,0.11105847358703613,0.17686210572719574,0.9538834095001221,0.018736211789831328,1,1
104,melan,0,8,0.11348344385623932,0.1738574504852295,0.9538834095001221,0.01882006455513137,1,1
104,melan,6,5,0.0565963052213192,0.3943190574645996,0.9538834095001221,0.021287817700842735,1,1
104,melan,0,67,0.13106481730937958,0.1738574504852295,0.9538834095001221,0.021735754915878036,1,1
104,melan,6,14,0.05849691852927208,0.3943190574645996,0.9538834095001221,0.022002703760299773,1,1
104,melan,6,15,0.06459756195545197,0.3943190574645996,0.9538834095001221,0.024297365657512133,1,1
104,melan,6,4,0.07027710974216461,0.3943190574645996,0.9538834095001221,0.026433638996097845,1,1
104,melan,6,10,0.07152456790208817,0.3943190574645996,0.9538834095001221,0.0269028509312946,1,1
104,melan,6,6,0.07196969538927078,0.3943190574645996,0.9538834095001221,0.027070278694709946,1,1
104,melan,6,11,0.07216249406337738,0.3943190574645996,0.9538834095001221,0.02714279690965871,1,1
104,melan,2,24,0.1721767783164978,0.17686210572719574,0.9538834095001221,0.029047226020989594,1,1
104,melan,6,3,0.08020959049463272,0.3943190574645996,0.9538834095001221,0.030169586753620768,1,1
104,melan,6,13,0.08162862062454224,0.3943190574645996,0.9538834095001221,0.030703332810000046,1,1
104,melan,6,9,0.09173174202442169,0.3943190574645996,0.9538834095001221,0.034503464386241196,1,1
104,melan,2,25,0.20817014575004578,0.17686210572719574,0.9538834095001221,0.03511951689157916,1,1
107,sox10,0,114,0.009532826021313667,1.0,0.8232237696647644,0.007847648972824195,0,0
107,sox10,0,78,0.009570807218551636,1.0,0.8232237696647644,0.007878915997190816,0,0
107,sox10,0,26,0.009627879597246647,1.0,0.8232237696647644,0.007925899335923858,0,0
107,sox10,0,118,0.009674152359366417,1.0,0.8232237696647644,0.007963992173588896,0,0
107,melan,0,178,0.05222896486520767,1.0,0.15366461873054504,0.00802574397270317,0,0
107,sox10,0,1,0.010155824013054371,1.0,0.8232237696647644,0.008360515728078555,0,0
107,sox10,0,24,0.010478394106030464,1.0,0.8232237696647644,0.008626063095999448,0,0
107,sox10,0,39,0.01049568597227335,1.0,0.8232237696647644,0.008640298171312455,0,0
107,melan,0,180,0.056322723627090454,1.0,0.15366461873054504,0.008654809852022716,0,0
107,melan,0,179,0.056356411427259445,1.0,0.15366461873054504,0.008659986474991554,0,0
107,sox10,0,120,0.010751302354037762,1.0,0.8232237696647644,0.008850727652696622,0,0
107,sox10,0,115,0.010850165039300919,1.0,0.8232237696647644,0.008932113765138139,0,0
107,sox10,0,122,0.011298314668238163,1.0,0.8232237696647644,0.009301041192045723,0,0
107,sox10,0,116,0.011348199099302292,1.0,0.8232237696647644,0.009342107241433917,0,0
107,sox10,0,108,0.011515926569700241,1.0,0.8232237696647644,0.009480184481891252,0,0
107,sox10,0,41,0.011532273143529892,1.0,0.8232237696647644,0.0094936413700204,0,0
107,sox10,0,80,0.011677976697683334,1.0,0.8232237696647644,0.009613587999124151,0,0
107,sox10,0,66,0.011998374946415424,1.0,0.8232237696647644,0.009877347453239371,0,0
107,sox10,0,43,0.012225075624883175,1.0,0.8232237696647644,0.010063972840353153,0,0
107,sox10,0,31,0.012321466580033302,1.0,0.8232237696647644,0.010143324165813428,0,0
107,sox10,0,45,0.012924262322485447,1.0,0.8232237696647644,0.010639559949252753,0,0
107,sox10,0,126,0.01310101617127657,1.0,0.8232237696647644,0.010785067918957336,0,0
107,sox10,0,9,0.013310645706951618,1.0,0.8232237696647644,0.010957639935548824,0,0
107,sox10,0,119,0.013876947574317455,1.0,0.8232237696647644,0.011423833093569924,0,0
107,melan,0,176,0.07542215287685394,1.0,0.15366461873054504,0.011589716365658642,0,0
107,sox10,0,67,0.014415114186704159,1.0,0.8232237696647644,0.011866864640926622,0,0
107,sox10,0,22,0.014603828079998493,1.0,0.8232237696647644,0.012022218403552498,0,0
107,sox10,0,74,0.01463819295167923,1.0,0.8232237696647644,0.01205050838276156,0,0
107,sox10,0,3,0.014683311805129051,1.0,0.8232237696647644,0.012087651295381474,0,0
107,sox10,0,8,0.014685509726405144,1.0,0.8232237696647644,0.012089460676419805,0,0
107,sox10,0,111,0.015566769056022167,1.0,0.8232237696647644,0.012814934303799375,0,0
107,sox10,0,71,0.015977520495653152,1.0,0.8232237696647644,0.013153074652327623,0,0
107,sox10,0,40,0.016366425901651382,1.0,0.8232237696647644,0.013473230826696492,0,0
107,sox10,0,10,0.016461819410324097,1.0,0.8232237696647644,0.013551761030507592,0,0
107,sox10,0,72,0.016697073355317116,1.0,0.8232237696647644,0.013745427669933252,0,0
107,sox10,0,12,0.01672988012433052,1.0,0.8232237696647644,0.013772434981990989,0,0
107,sox10,0,19,0.016939368098974228,1.0,0.8232237696647644,0.013944890462176618,0,0
107,sox10,0,15,0.01820475421845913,1.0,0.8232237696647644,0.014986586393540446,0,0
107,sox10,0,140,0.01837252639234066,1.0,0.8232237696647644,0.015124700434968052,0,0
107,sox10,0,44,0.0189567469060421,1.0,0.8232237696647644,0.015605644648572836,0,0
107,sox10,0,0,0.019124558195471764,1.0,0.8232237696647644,0.01574379089084943,0,0
107,sox10,0,11,0.01914292760193348,1.0,0.8232237696647644,0.015758913022883347,0,0
107,sox10,0,144,0.01917758770287037,1.0,0.8232237696647644,0.015787446041833575,0,0
107,sox10,0,14,0.019512755796313286,1.0,0.8232237696647644,0.016063364383189005,0,0
107,sox10,0,16,0.019535774365067482,1.0,0.8232237696647644,0.016082313816131122,0,0
107,sox10,0,59,0.02014137990772724,1.0,0.8232237696647644,0.016580862693889364,0,0
107,sox10,0,65,0.02084023505449295,1.0,0.8232237696647644,0.017156176862259453,0,0
107,sox10,0,130,0.021153567358851433,1.0,0.8232237696647644,0.01741411946301119,0,0
107,sox10,0,58,0.02218269556760788,1.0,0.8232237696647644,0.01826132226649202,0,0
107,sox10,0,37,0.02229834534227848,1.0,0.8232237696647644,0.018356527909957232,0,0
108,sox10,0,124,0.007496306207031012,1.0,0.9392897486686707,0.007041203573145555,0,0
108,sox10,0,88,0.007528774440288544,1.0,0.9392897486686707,0.007071700651801738,0,0
108,sox10,0,8,0.008106887340545654,1.0,0.9392897486686707,0.0076147161725863555,0,0
108,sox10,0,52,0.008285770192742348,1.0,0.9392897486686707,0.007782739001867323,0,0
108,sox10,0,43,0.00851743295788765,1.0,0.9392897486686707,0.008000337462316542,0,0
108,sox10,0,58,0.008517513051629066,1.0,0.9392897486686707,0.008000412693546788,0,0
108,sox10,0,123,0.008573140949010849,1.0,0.9392897486686707,0.008052663407297489,0,0
108,sox10,0,38,0.008576149120926857,1.0,0.9392897486686707,0.008055488952340428,0,0
108,sox10,0,4,0.008739065378904343,1.0,0.9392897486686707,0.008208514523350141,0,0
108,sox10,0,72,0.008935592137277126,1.0,0.9392897486686707,0.008393110092828782,0,0
108,sox10,0,71,0.008971398696303368,1.0,0.9392897486686707,0.00842674282665723,0,0
108,sox10,0,68,0.009205692447721958,1.0,0.9392897486686707,0.008646812545541838,0,0
108,sox10,0,55,0.009605931118130684,1.0,0.9392897486686707,0.009022752625677533,0,0
108,sox10,0,26,0.00965355709195137,1.0,0.9392897486686707,0.009067487214657666,0,0
108,sox10,0,74,0.009958106093108654,1.0,0.9392897486686707,0.009353546969411985,0,0
108,sox10,0,39,0.010067966766655445,1.0,0.9392897486686707,0.009456737973856322,0,0
108,sox10,0,32,0.010104619897902012,1.0,0.9392897486686707,0.00949116588429283,0,0
108,sox10,0,69,0.010378507897257805,1.0,0.9392897486686707,0.009748426074371097,0,0
108,sox10,0,64,0.010464419610798359,1.0,0.9392897486686707,0.009829122066190299,0,0
108,sox10,0,9,0.010557970032095909,1.0,0.9392897486686707,0.009916993017898723,0,0
108,sox10,0,36,0.010951329953968525,1.0,0.9392897486686707,0.01028647196005078,0,0
108,sox10,0,107,0.011636320501565933,1.0,0.9392897486686707,0.010929876559343965,0,0
108,sox10,0,18,0.012101024389266968,1.0,0.9392897486686707,0.011366368157228024,0,0
108,sox10,0,12,0.01216076873242855,1.0,0.9392897486686707,0.011422485406300642,0,0
108,sox10,0,125,0.012695916928350925,1.0,0.9392897486686707,0.011925144620749062,0,0
108,sox10,0,84,0.01287301816046238,1.0,0.9392897486686707,0.012091493992547941,0,0
108,sox10,0,83,0.012986792251467705,1.0,0.9392897486686707,0.01219836082989334,0,0
108,sox10,0,59,0.012986881658434868,1.0,0.9392897486686707,0.012198444808941056,0,0
108,sox10,0,21,0.013767284341156483,1.0,0.9392897486686707,0.012931469048654998,0,0
108,sox10,0,122,0.013855338096618652,1.0,0.9392897486686707,0.013014177038492392,0,0
108,sox10,0,63,0.013939113356173038,1.0,0.9392897486686707,0.013092866280983884,0,0
108,sox10,0,73,0.014149979688227177,1.0,0.9392897486686707,0.0132909308650217,0,0
108,sox10,0,79,0.014771020971238613,1.0,0.9392897486686707,0.01387426857565438,0,0
108,sox10,0,5,0.014883502386510372,1.0,0.9392897486686707,0.013979921215934887,0,0
108,sox10,0,77,0.015052059665322304,1.0,0.9392897486686707,0.014138245339986422,0,0
108,sox10,0,67,0.015206091105937958,1.0,0.9392897486686707,0.014282925493129373,0,0
108,sox10,0,25,0.015229115262627602,1.0,0.9392897486686707,0.014304551847479696,0,0
108,sox10,0,7,0.015367342159152031,1.0,0.9392897486686707,0.014434386954375378,0,0
108,sox10,0,70,0.015476973727345467,1.0,0.9392897486686707,0.014537362762509942,0,0
108,sox10,0,49,0.01584162749350071,1.0,0.9392897486686707,0.014879878306872985,0,0
108,sox10,0,19,0.016025148332118988,1.0,0.9392897486686707,0.015052257549254211,0,0
108,sox10,0,11,0.016452845185995102,1.0,0.9392897486686707,0.015453988819637887,0,0
108,sox10,0,17,0.016910606995224953,1.0,0.9392897486686707,0.01588395979437951,0,0
108,sox10,0,121,0.017108671367168427,1.0,0.9392897486686707,0.016069999628522513,0,0
108,sox10,0,10,0.018278690055012703,1.0,0.9392897486686707,0.01716898618776541,0,0
108,sox10,0,104,0.018544957041740417,1.0,0.9392897486686707,0.01741908803880765,0,0
108,sox10,0,85,0.018718590959906578,1.0,0.9392897486686707,0.0175821805981623,0,0
108,sox10,0,61,0.019164903089404106,1.0,0.9392897486686707,0.018001397006105813,0,0
108,sox10,0,80,0.01967635750770569,1.0,0.9392897486686707,0.018481800898127787,0,0
108,sox10,0,101,0.02022261545062065,1.0,0.9392897486686707,0.018994895384036647,0,0
108,sox10,0,20,0.02144009992480278,1.0,0.9392897486686707,0.020138466069799188,0,0
108,sox10,0,105,0.02327844500541687,1.0,0.9392897486686707,0.021865204758535484,0,0
108,sox10,0,86,0.02367694117128849,1.0,0.9392897486686707,0.022239508122022467,0,0
108,sox10,0,94,0.02518508769571781,1.0,0.9392897486686707,0.023656094691909213,0,0
108,sox10,0,96,0.02643411047756672,1.0,0.9392897486686707,0.024829288986753517,0,0
108,sox10,0,78,0.027645373716950417,1.0,0.9392897486686707,0.02596701613044583,0,0
108,sox10,0,75,0.028301579877734184,1.0,0.9392897486686707,0.02658338385028325,0,0
